Transaction ID,Date,Customer ID,Customer Name,Age,Gender,Product ID,Product Name,Product Category,Unit Price,Quantity
TR-1,2024-01-01,2670,UVHriWMc,56,Male,2,UzXqnG,Electronics,969.7750009060019,1
TR-2,2024-01-02,5714,dgNSoWhi,40,Female,5,WCIyQD,Clothing,931.8577052410128,1
TR-3,2024-01-03,9665,isdrYmhR,21,Male,10,xpCTcs,Books,634.6368362105534,1
TR-4,2024-01-04,9356,tuqXzAqv,19,Male,6,SKRIJv,Electronics,461.3726293349175,4
TR-5,2024-01-05,1674,ZUnfTLDt,61,Female,5,ydPZZw,Books,443.1871205137733,2
TR-6,2024-01-06,8172,OlgjEJMH,40,Male,1,iEyFgE,Clothing,507.6641285901089,2
TR-7,2024-01-07,8239,mFZnqWUo,55,Male,4,vqPYNA,Clothing,790.4384181564266,3
TR-8,2024-01-08,1729,pEbDmoZk,62,Female,7,YLqlGo,Clothing,623.1886041117965,3
TR-9,2024-01-09,2776,sJwaLHIU,37,Male,8,XIeCRN,Books,678.8401905792712,1
TR-10,2024-01-10,9223,rwlDqazD,59,Female,4,xUKXVL,Electronics,927.1654698507364,1
TR-11,2024-01-11,1682,oiwIisej,49,Female,1,ghBlCJ,Electronics,833.6931339992581,4
TR-12,2024-01-12,1797,okzzwmGm,28,Male,3,asoyra,Clothing,544.6277519379667,4
TR-13,2024-01-13,8871,MKRqadRS,29,Female,1,oPyGRp,Books,23.044566960315507,3
TR-14,2024-01-14,6599,mMxjsWsm,43,Female,8,sUuntE,Clothing,486.5816433556332,4
TR-15,2024-01-15,3330,RqsnYmmB,28,Male,8,zpqvVl,Clothing,540.1040611134654,3
TR-16,2024-01-16,9731,rsjcgnzs,69,Female,9,AmrgLa,Clothing,369.5327023751876,5
TR-17,2024-01-17,9882,ZUdGnUSP,45,Female,6,JIALws,Electronics,69.14285351636471,1
TR-18,2024-01-18,1583,utbGjMqd,19,Male,8,HFXGrq,Clothing,513.8216990837877,3
TR-19,2024-01-19,8337,QOKLZryC,57,Male,5,ICOesU,Electronics,362.58171125072084,4
TR-20,2024-01-20,9875,PKPPuXUs,65,Female,4,NpXPIy,Clothing,414.6816626350785,3
TR-21,2024-01-21,7274,DJgCwOEU,69,Male,7,SwhHJW,Electronics,735.1538422776763,1
TR-22,2024-01-22,3634,hEiUlNqw,35,Female,4,knEMse,Clothing,521.4365150582671,2
TR-23,2024-01-23,3447,EtucCuYW,32,Male,10,qxGGHR,Electronics,456.9594435921281,5
TR-24,2024-01-24,1502,ZiuxswIB,58,Female,1,lSjvna,Clothing,292.2405625842176,1
TR-25,2024-01-25,3316,ovFQNtYd,69,Female,10,PLCfNv,Clothing,355.293119324829,2
TR-26,2024-01-26,4189,LgOJaltZ,47,Male,9,sWjghS,Clothing,359.9293687416659,1
TR-27,2024-01-27,4768,CxKJRAvk,25,Male,3,vRmAoQ,Books,781.0884571666721,5
TR-28,2024-01-28,8334,CImRxSNq,21,Male,4,nRvpKZ,Clothing,933.7088588786334,5
TR-29,2024-01-29,5053,oSvBKnZO,42,Male,3,ECHAvW,Clothing,21.1134822705693,1
TR-30,2024-01-30,8733,glkYhZoP,64,Male,4,kjmeul,Clothing,843.811520921092,2
TR-31,2024-01-31,3384,JMQmFNRR,29,Female,3,wyQPOy,Clothing,483.79998282427147,3
TR-32,2024-02-01,9638,llviAqIC,62,Male,2,JMzHAi,Electronics,622.0342195665178,1
TR-33,2024-02-02,6646,VDiEpJnk,58,Male,4,BOKGxs,Books,219.5070673512438,5
TR-34,2024-02-03,6776,lXSxOWAl,64,Female,7,DDTSCI,Books,882.1694841705274,2
TR-35,2024-02-04,3047,iYmqeBrX,68,Female,7,pAYzsy,Books,240.4540724447153,5
TR-36,2024-02-05,9128,VkolHyqG,60,Female,1,YpLQDY,Electronics,769.641778449849,4
TR-37,2024-02-06,2680,xdOrOKjx,30,Female,3,pLvtgW,Books,150.7635832351484,2
TR-38,2024-02-07,2980,cySCbAqp,20,Male,10,Vlyogw,Books,707.2768363537489,4
TR-39,2024-02-08,9181,BdyAvPav,33,Female,6,nWaJrE,Electronics,845.504069230338,3
TR-40,2024-02-09,2042,jKQnvzPR,66,Female,8,UXAzfY,Books,790.2968736581773,5
TR-41,2024-02-10,1189,PTBctlkk,48,Female,9,CfOUva,Electronics,168.65402877233066,5
TR-42,2024-02-11,3366,bgivUCCY,66,Female,9,fAJBjk,Books,239.24380219258487,3
TR-43,2024-02-12,2302,VJEwRVca,44,Female,5,SqQEjE,Clothing,231.78301007496762,4
TR-44,2024-02-13,6971,PIwDMnSu,70,Female,2,SFEuQa,Books,139.87162464988833,3
TR-45,2024-02-14,1331,IFeVBlAc,33,Female,9,eVsdpD,Books,766.5361583638638,1
TR-46,2024-02-15,2185,CSceDHyv,19,Female,1,PDFuqT,Books,712.4084685795427,5
TR-47,2024-02-16,8323,dqfAiFJW,26,Male,2,jkWmrV,Books,860.8983485548907,2
TR-48,2024-02-17,8520,OTYFEYdR,41,Male,9,MJPcvL,Electronics,647.8802527229996,5
TR-49,2024-02-18,7971,etXnFdEc,31,Male,7,YMWESF,Clothing,480.46932394802565,5
TR-50,2024-02-19,9250,gMdkMvGr,43,Male,8,OpHFgH,Books,249.59283139475525,3
TR-51,2024-02-20,4884,ryfLDTNS,44,Male,10,KMcKFA,Electronics,652.6302355698161,1
TR-52,2024-02-21,4471,DaDokBQC,32,Male,10,jhmKkL,Books,450.9327628549886,4
TR-53,2024-02-22,2107,UDCBpXRP,51,Male,4,ZVVuTo,Books,764.6570031142276,3
TR-54,2024-02-23,2666,TcVzIjYI,63,Male,3,mLyAjY,Books,678.0302860908879,1
TR-55,2024-02-24,8964,pyAPPKhl,37,Male,8,Twafwh,Clothing,791.6563426960527,3
TR-56,2024-02-25,8454,PBQtSvdZ,28,Male,7,wHyunP,Electronics,485.8832004282256,1
TR-57,2024-02-26,3654,zUrKWhbC,21,Male,10,DOSJyC,Books,627.9553625944183,1
TR-58,2024-02-27,9344,EmUClyfh,40,Male,2,wBGSXc,Books,889.4988869920335,4
TR-59,2024-02-28,3906,wSQvGHpm,47,Female,6,oGKOBR,Books,260.868210486579,4
TR-60,2024-02-29,7780,OsqZTAof,44,Male,9,oigXCG,Books,60.49619524578619,3
TR-61,2024-03-01,5805,quXWfviu,23,Male,3,xedMDH,Electronics,972.5333716472466,1
TR-62,2024-03-02,1485,GdeVviIw,33,Male,6,GFhdGq,Books,456.74536029291056,5
TR-63,2024-03-03,5042,AdjlmEGO,30,Female,7,bWvihc,Clothing,904.2921700487694,4
TR-64,2024-03-04,9009,mVbCxlYu,32,Female,1,sblnfl,Clothing,719.8097164472367,2
TR-65,2024-03-05,3262,ZgmuDgGC,33,Female,7,nIChlu,Electronics,286.11580628027417,5
TR-66,2024-03-06,9160,MXQyrrVN,27,Female,9,pDTOEA,Electronics,116.07947231963149,1
TR-67,2024-03-07,4363,JODddJjp,31,Male,3,qCBWJT,Books,702.4313494891983,3
TR-68,2024-03-08,7243,FkpkQUrO,67,Female,10,hQIqwj,Clothing,630.0977794439763,2
TR-69,2024-03-09,8318,COuiRIrZ,37,Male,9,qnyxrg,Clothing,154.14338501760307,4
TR-70,2024-03-10,9327,REXpaepL,39,Male,10,JjzcIC,Clothing,623.8993619685726,2
TR-71,2024-03-11,1217,JpRupwRU,60,Male,8,rgJqHl,Books,622.5775930054723,2
TR-72,2024-03-12,6402,zWfGPpIo,34,Female,2,zppdUc,Books,12.295025820138434,5
TR-73,2024-03-13,2373,jeMQWWkv,29,Male,7,UwfuFu,Books,501.91702239059424,3
TR-74,2024-03-14,7678,KaGMRzEd,68,Male,10,TMTFCf,Electronics,239.1933363389413,4
TR-75,2024-03-15,3420,OBRGTjJV,54,Female,1,nlYEpS,Books,425.4518087541035,2
TR-76,2024-03-16,1669,IsBoYeEi,39,Female,8,hVHLZM,Books,751.0350459393992,4
TR-77,2024-03-17,5194,jZVQdDgr,25,Female,7,ZkbADI,Electronics,545.7020512192241,3
TR-78,2024-03-18,2370,SgYTlqtn,24,Female,6,gHoNDL,Electronics,169.14150352722876,5
TR-79,2024-03-19,1457,tqruPmIe,25,Male,10,xFfGZl,Books,204.5726990358966,3
TR-80,2024-03-20,1939,LQWpDfpd,44,Female,10,VkDuJg,Clothing,57.06784131500959,4
TR-81,2024-03-21,2504,pZZAsKzp,63,Male,5,YjZKlO,Books,554.7661212229069,3
TR-82,2024-03-22,5528,TUvBJadH,67,Female,8,nUjKmr,Electronics,948.0496397640247,5
TR-83,2024-03-23,5527,twhLeOlW,28,Female,7,xdLxmS,Clothing,857.4862538052024,5
TR-84,2024-03-24,5796,ACGhULPp,31,Female,5,iVMZpq,Books,516.9143301288054,1
TR-85,2024-03-25,7487,qzFzyOUi,27,Male,1,fQgxsT,Books,145.78607121802983,3
TR-86,2024-03-26,4960,RfDfoijE,30,Male,4,hQWeNb,Clothing,546.5260348486051,3
TR-87,2024-03-27,5013,HqWFBoTB,44,Male,2,udmRtS,Books,229.31791373518672,1
TR-88,2024-03-28,4757,MZguGLPT,36,Male,6,qLarwm,Clothing,610.0131345660568,4
TR-89,2024-03-29,6249,XgEGXwMU,23,Female,4,iLKMBi,Books,364.0791100229498,1
TR-90,2024-03-30,5918,ItJDGmHz,56,Male,8,mUZHsy,Clothing,499.1536343658185,2
TR-91,2024-03-31,5547,mqzVXCfD,21,Female,6,EmlWhL,Electronics,358.0237187405473,4
TR-92,2024-04-01,1776,fXaBQqcL,57,Male,1,DfXvwu,Electronics,968.2827823094077,5
TR-93,2024-04-02,2847,VdhLUfea,19,Male,8,GuXAZI,Clothing,419.32103032807373,2
TR-94,2024-04-03,8446,KjOBrAgR,41,Female,8,prtfDI,Electronics,610.4390808067882,3
TR-95,2024-04-04,1434,TriQJwnF,62,Male,2,bUPArX,Clothing,965.0769887913956,3
TR-96,2024-04-05,6209,ZsOtlRHa,64,Male,2,uaytPw,Electronics,715.3905045990344,2
TR-97,2024-04-06,3671,VVcXkJdv,56,Male,1,YudCbc,Electronics,901.9732852231518,1
TR-98,2024-04-07,4445,CTTESJJZ,37,Male,3,DSKJwx,Clothing,127.71372991999792,4
TR-99,2024-04-08,7687,FgCaAyLD,63,Female,9,pTlene,Electronics,21.551677312942196,5
TR-100,2024-04-09,8846,XKOdBQBp,53,Female,9,yOStEQ,Electronics,663.8151546524618,5
TR-101,2024-04-10,2887,oygBXCBz,67,Male,7,NaDPlk,Clothing,427.9224156588805,5
TR-102,2024-04-11,2524,xnZXMacu,41,Female,10,vSkqVy,Electronics,924.7772894331156,5
TR-103,2024-04-12,7777,iFcGVmpb,52,Female,9,NUSMmz,Electronics,656.0450359586949,1
TR-104,2024-04-13,6066,nXiyUkOe,49,Female,3,NHoKko,Clothing,402.7214921266538,3
TR-105,2024-04-14,6005,JhWGNwZm,58,Female,8,BrZqmI,Clothing,591.6797981389043,1
TR-106,2024-04-15,7390,tHkdDabs,27,Male,2,vKHfJN,Books,397.8269279011069,2
TR-107,2024-04-16,1902,TqIpLHxb,33,Female,10,AMmgMm,Books,778.3564370719151,3
TR-108,2024-04-17,1354,cOlHTROs,50,Male,7,UFCFBj,Electronics,219.1840419145595,5
TR-109,2024-04-18,5255,SBtbNvZE,40,Female,6,hXWqmE,Books,617.4322725042823,2
TR-110,2024-04-19,5823,LMMWTemj,22,Male,4,esWVzI,Electronics,227.64166860396423,4
TR-111,2024-04-20,3833,QXZKaagQ,28,Male,4,tCecxC,Clothing,420.0532175882693,3
TR-112,2024-04-21,5603,xAmpafvA,20,Female,5,arFHRs,Electronics,784.1702319202496,1
TR-113,2024-04-22,8017,GPKxkUbw,56,Female,9,zwLJBy,Clothing,743.0234195020571,1
TR-114,2024-04-23,5112,MvItjdyT,40,Female,4,aGyJVv,Clothing,84.47293441267126,4
TR-115,2024-04-24,9272,UUwOCRty,22,Male,6,MkRzVy,Clothing,842.1790770231669,1
TR-116,2024-04-25,5544,qdWIKlGC,62,Male,5,IGjTmg,Clothing,705.89925916051,4
TR-117,2024-04-26,6075,lgaiUTNP,62,Female,6,jBkDPV,Books,907.1584432511297,5
TR-118,2024-04-27,5484,pJEcAwbz,27,Male,7,bqIZCj,Books,555.875476545976,2
TR-119,2024-04-28,5172,xILfFqFX,23,Male,7,XOXXqH,Electronics,872.2694354339792,5
TR-120,2024-04-29,1152,bscUmtBc,49,Female,4,ZVSMgC,Clothing,442.40020219241495,1
TR-121,2024-04-30,3921,ZxGsSiUd,27,Male,8,DfAtCE,Clothing,627.285109402083,5
TR-122,2024-05-01,2098,DGrkIHIX,59,Male,7,gBnfQg,Electronics,441.6191414582528,4
TR-123,2024-05-02,1337,NnTfAJrm,50,Male,8,dZOHin,Books,494.99042894320155,5
TR-124,2024-05-03,5571,sgnrNzAF,43,Male,2,IAledE,Clothing,900.0208666701282,3
TR-125,2024-05-04,6108,KYbmRmno,26,Male,9,ZloAqP,Books,556.947013353008,3
TR-126,2024-05-05,9714,YIhkwKuw,43,Female,4,wcPEPJ,Electronics,823.142559653808,4
TR-127,2024-05-06,1030,QHnfhVZZ,19,Female,9,BJVQjL,Books,182.68557874991052,1
TR-128,2024-05-07,4977,nOolyZsn,22,Female,5,ODXJDp,Clothing,933.5996097292249,1
TR-129,2024-05-08,3722,YKQhEduE,40,Female,8,TLAkat,Books,955.7140207264647,4
TR-130,2024-05-09,3219,lbmSCSFm,22,Male,2,BcABDj,Electronics,529.699224793762,2
TR-131,2024-05-10,3241,BuVaQtDW,37,Female,3,FKfngd,Electronics,350.6935648606765,5
TR-132,2024-05-11,5262,zpjODhyu,22,Male,5,TbkHPQ,Electronics,690.3932420977106,4
TR-133,2024-05-12,2289,IvzgsXIC,32,Female,10,NsYZZZ,Books,689.7587387699351,1
TR-134,2024-05-13,6489,JjpByytH,67,Male,3,GCsWUI,Clothing,565.3768366808731,2
TR-135,2024-05-14,7112,VnxQvFqh,48,Female,10,ACYQrF,Clothing,270.84433534323114,3
TR-136,2024-05-15,3431,qTySxCDa,19,Female,8,NYyxzI,Books,621.6437709066961,4
TR-137,2024-05-16,4500,JfigMmOw,19,Female,9,KcFnOt,Electronics,259.4404047768388,4
TR-138,2024-05-17,8405,DhjgRMpC,38,Male,1,EHSIFz,Electronics,411.6063157739101,5
TR-139,2024-05-18,5055,bKDWKJOc,50,Male,5,HSNbwe,Books,374.8639493602592,1
TR-140,2024-05-19,2777,CGvPffjE,61,Female,9,vHGTvr,Clothing,712.5619939690362,1
TR-141,2024-05-20,6508,FNeznbyp,67,Male,4,blkHPH,Electronics,864.3453195482717,3
TR-142,2024-05-21,8555,QJIBtPQM,38,Female,10,KamemF,Clothing,180.85853416364208,5
TR-143,2024-05-22,6787,QNohlcuF,68,Female,7,YvqFhU,Clothing,293.1245029380057,1
TR-144,2024-05-23,8436,HsjePUgv,50,Male,4,AspDkI,Clothing,586.3783561015072,5
TR-145,2024-05-24,1631,bVDIpCdU,37,Male,4,rZSSFc,Clothing,552.3652362749972,2
TR-146,2024-05-25,8888,VMyIffmE,52,Male,10,EKGlQd,Books,211.50234711673608,3
TR-147,2024-05-26,6639,mCyVUMfO,21,Male,4,MUobhp,Clothing,783.7391036766093,2
TR-148,2024-05-27,1754,RrkeQtnh,50,Female,5,voejgf,Books,456.533721245665,1
TR-149,2024-05-28,8701,cnEujjcN,54,Female,10,dqOOeQ,Clothing,675.1200327970591,5
TR-150,2024-05-29,4211,diLZNHBd,56,Male,5,diNddY,Books,887.7958272181605,2
TR-151,2024-05-30,5384,nbfrKLSw,35,Female,6,qxSDqj,Clothing,151.2698602476652,3
TR-152,2024-05-31,6412,FbKFqsta,48,Male,10,VjzJmZ,Books,324.8501406250273,5
TR-153,2024-06-01,9865,nHYwoDDa,18,Female,5,PWYCRl,Electronics,997.7821642139726,3
TR-154,2024-06-02,7826,EUIGSJCv,25,Male,10,VAycBX,Books,296.8290451156801,1
TR-155,2024-06-03,2085,OzsctLPt,40,Female,5,qgqMkR,Electronics,983.8143864208478,2
TR-156,2024-06-04,6862,hzlnuIVw,59,Female,6,DprNhv,Books,567.0861656072037,3
TR-157,2024-06-05,4690,TeMoHsVQ,57,Female,9,vFeixV,Electronics,45.14026593846137,2
TR-158,2024-06-06,4995,nWgPEQjE,22,Male,6,afKYTm,Electronics,698.1078491240631,2
TR-159,2024-06-07,1913,RwyIZyTB,44,Female,7,YANMTe,Books,651.2583660291798,4
TR-160,2024-06-08,7612,vqyRwWlr,37,Female,3,eFLiUi,Electronics,671.1499952262512,4
TR-161,2024-06-09,2024,vDiUmNBA,39,Male,6,DDiUkQ,Clothing,139.87337898583684,2
TR-162,2024-06-10,2630,MVylJVRF,67,Female,6,ZXOqGV,Electronics,533.6078506202318,4
TR-163,2024-06-11,7256,AFiphgsx,42,Male,4,hKaDzy,Electronics,272.56811247174176,3
TR-164,2024-06-12,7418,DYRbawPq,38,Female,3,DePShp,Electronics,524.7950837985418,2
TR-165,2024-06-13,1869,EhwraDBS,57,Male,5,lmVvYF,Clothing,258.48495950939105,5
TR-166,2024-06-14,4125,WJKuqAEE,18,Male,1,zivyyD,Books,811.3215916570568,1
TR-167,2024-06-15,6029,lDciVRqE,46,Male,8,ccmzTt,Clothing,23.34737896456412,3
TR-168,2024-06-16,1603,sxfElmey,33,Female,7,NKSTpR,Books,859.2371111103646,2
TR-169,2024-06-17,4391,NLBZYXOh,63,Male,6,dhHvov,Books,208.28141868735577,4
TR-170,2024-06-18,7725,ZlcqFJle,21,Female,3,rrYbtk,Books,465.2360489574423,3
TR-171,2024-06-19,6181,KVwuXwiR,38,Male,1,WzYfPH,Books,433.34555155602044,4
TR-172,2024-06-20,5285,ioqbiFeD,56,Female,5,gdHpgf,Books,560.8117462508031,2
TR-173,2024-06-21,2626,NgzYlXjB,18,Male,6,tAZOUA,Electronics,214.7054086874798,1
TR-174,2024-06-22,5828,vrDvIpEi,51,Female,6,DdijIN,Books,600.0446175440603,5
TR-175,2024-06-23,5570,IZLeRhkG,33,Male,10,cPPKQA,Books,172.42523779160572,2
TR-176,2024-06-24,3413,iygmgeAD,66,Female,2,iFLNje,Electronics,929.996342137606,2
TR-177,2024-06-25,9829,KJZlcBvp,36,Male,6,qDBgKF,Clothing,748.4710203622681,1
TR-178,2024-06-26,6883,Ajohcpmj,48,Female,7,oMTMsh,Books,58.046447575003114,3
TR-179,2024-06-27,5832,GKEkzwLF,55,Female,10,YHMBeZ,Electronics,619.2517076777812,3
TR-180,2024-06-28,9734,UaNisCfv,25,Female,2,ZLpJaZ,Electronics,728.1620892534918,2
TR-181,2024-06-29,5041,MuTvpsGr,46,Male,2,AkOmWw,Books,45.575060673442856,2
TR-182,2024-06-30,6809,XYuESXaQ,26,Female,6,ipUTMv,Books,140.11947006170948,4
TR-183,2024-07-01,8405,eAaoiWgI,61,Female,6,PTMmVT,Clothing,903.2032066753692,5
TR-184,2024-07-02,9240,RVymDocW,45,Male,10,UKRqdL,Books,474.2167434073954,2
TR-185,2024-07-03,9668,uGQVoTNn,64,Male,9,dYhjKE,Clothing,277.3220940293138,3
TR-186,2024-07-04,3230,KunUleqf,58,Male,7,HlBTmi,Books,418.1499080972778,5
TR-187,2024-07-05,1001,MxDVnkKQ,60,Male,10,JTNlxb,Electronics,322.9102073402852,1
TR-188,2024-07-06,8009,bZHcIxMk,58,Female,7,zpYkVN,Books,378.8278624901403,4
TR-189,2024-07-07,6008,ofFjjRIv,28,Female,1,buihSN,Books,840.3036933871965,3
TR-190,2024-07-08,1481,kNUozRVM,47,Female,1,mjokqf,Electronics,358.746120062237,4
TR-191,2024-07-09,5438,qdCFKWfj,28,Female,6,eqNUhS,Books,187.78044018698841,3
TR-192,2024-07-10,3571,UuXIXsFA,49,Female,4,yWDpbj,Electronics,935.801124140267,4
TR-193,2024-07-11,1946,QgDbYiRy,61,Male,6,NlwqJQ,Electronics,28.54982046469537,4
TR-194,2024-07-12,6855,GgDqetqo,60,Male,5,GNiyfM,Books,50.16503341088235,3
TR-195,2024-07-13,9063,FawXSZGF,24,Female,6,dUrzRC,Clothing,168.044069275944,4
TR-196,2024-07-14,6448,LMOZdfPz,22,Male,6,kiJSUO,Electronics,132.0275884471186,4
TR-197,2024-07-15,1380,SIERRhjD,28,Female,6,gpijzf,Books,874.611207187706,4
TR-198,2024-07-16,2195,JYlkQwSt,53,Male,9,YyRLOE,Books,658.641935389066,4
TR-199,2024-07-17,1440,NMFdITpg,45,Female,9,wxNQLZ,Clothing,879.4571485050562,5
TR-200,2024-07-18,7940,CfkvOyym,63,Male,9,Xaayqn,Books,352.55744005899027,5
TR-201,2024-07-19,1978,SrpxyDHk,34,Male,9,oHjmRi,Clothing,57.933793525693254,5
TR-202,2024-07-20,9573,LLKuWSlE,39,Male,10,snpHmF,Electronics,992.4327186350943,1
TR-203,2024-07-21,1230,CWMulmhm,30,Male,5,ONHfXE,Clothing,675.0984462209249,1
TR-204,2024-07-22,8747,eVauZsid,42,Male,10,wGbYCa,Clothing,538.9864140952883,1
TR-205,2024-07-23,5785,gatohDRl,52,Male,1,YEsIqt,Books,300.9230894314632,2
TR-206,2024-07-24,5512,sZkhEEmF,39,Female,6,ExeoYw,Clothing,195.40268229371733,5
TR-207,2024-07-25,9289,uFxKxtQM,28,Male,5,NxBavc,Clothing,406.684686615016,2
TR-208,2024-07-26,6328,WIKnrCzx,53,Female,3,sQfzSW,Books,829.8118665995971,3
TR-209,2024-07-27,8920,fLHezGKE,70,Female,4,zyxnXz,Clothing,784.7781506990362,2
TR-210,2024-07-28,4197,tqKzWgBS,56,Female,2,nvfpDv,Electronics,783.3732886267951,5
TR-211,2024-07-29,6395,ohPNuxiW,30,Male,1,XaoCWF,Clothing,767.0524938602948,2
TR-212,2024-07-30,4377,jfrqofIq,25,Male,5,GNECue,Electronics,719.6281986696113,3
TR-213,2024-07-31,2140,BbUhuyze,62,Male,2,KUOgJk,Books,69.08365514217027,5
TR-214,2024-08-01,1642,XzbxDZlv,28,Female,4,YYSwuu,Books,429.7329928932873,5
TR-215,2024-08-02,2655,ZWSpTEhn,58,Male,1,nsrIcM,Electronics,14.654542971213305,2
TR-216,2024-08-03,2297,VWyXcyJC,65,Female,7,enAaJP,Clothing,871.403715783555,2
TR-217,2024-08-04,6320,sCxlCqIk,27,Female,10,wsYMKX,Electronics,941.0213070072147,5
TR-218,2024-08-05,4929,eVgScAem,35,Female,4,TdSkLJ,Books,207.25693070481523,2
TR-219,2024-08-06,5543,MonXguxK,44,Male,2,FSmLFf,Books,581.5648341440092,1
TR-220,2024-08-07,7852,kRGcHPMH,45,Male,2,QBfjFr,Electronics,351.5325875331211,2
TR-221,2024-08-08,9631,vnQzFvAV,56,Female,1,evVOjo,Electronics,170.65787012461018,3
TR-222,2024-08-09,6673,QGjYprEW,23,Female,6,KfWmDd,Electronics,857.5935389595821,2
TR-223,2024-08-10,8415,sKfLaWOy,50,Female,5,dEOJUi,Electronics,646.4397289107796,1
TR-224,2024-08-11,4270,BwsmHSus,45,Female,9,CdZxrV,Electronics,41.40363077981361,3
TR-225,2024-08-12,2707,CPyaFasK,45,Male,6,zdLBpw,Books,758.3798753674992,5
TR-226,2024-08-13,3565,YQlefneF,37,Male,7,gnIohs,Electronics,467.85907197895455,4
TR-227,2024-08-14,4845,OIBlAHQi,35,Male,3,XaJXCQ,Clothing,269.52722394082656,4
TR-228,2024-08-15,6949,PuFGdMjn,69,Female,4,dHUfrL,Electronics,650.1974775087776,1
TR-229,2024-08-16,8640,tlcItkFn,42,Female,8,inPobW,Clothing,241.02595092052175,2
TR-230,2024-08-17,6128,KaeEIibS,32,Female,7,qzyeZY,Books,792.7457944561462,1
TR-231,2024-08-18,8046,gAZhDYTh,21,Female,6,BHdboO,Books,521.0559478663547,1
TR-232,2024-08-19,4755,NetYGwZU,23,Male,9,UcgAUX,Electronics,904.703068148932,4
TR-233,2024-08-20,1217,WLdrRQpM,46,Male,10,EeQOrV,Electronics,382.9507031562281,4
TR-234,2024-08-21,1425,bNMoMVpH,20,Female,9,AswqbX,Clothing,331.70258426476096,2
TR-235,2024-08-22,7070,szlmkZiZ,38,Female,9,XwQMLP,Books,377.2702979790884,5
TR-236,2024-08-23,1151,DaPuvjtw,53,Male,5,IBpALE,Electronics,18.47882900577901,3
TR-237,2024-08-24,2955,UbDrDKpv,44,Female,8,pzlnGR,Clothing,479.7832246877306,1
TR-238,2024-08-25,3929,rtuVYJWp,52,Male,3,hyflvF,Clothing,145.136711084942,4
TR-239,2024-08-26,8502,rrIKKOSC,33,Male,8,XULCHu,Electronics,97.58834054374107,2
TR-240,2024-08-27,2017,szAPxQkL,45,Female,1,nBFSUQ,Clothing,175.26045390600993,5
TR-241,2024-08-28,9757,EhVWvViY,41,Female,3,axtVzW,Books,223.1138191632918,3
TR-242,2024-08-29,7982,lPbWbtip,22,Female,4,cWfvSW,Electronics,754.5769745770657,4
TR-243,2024-08-30,5950,nnYCQEOE,48,Female,6,PDNHsr,Electronics,67.70695068086812,1
TR-244,2024-08-31,9175,mCnHXQAe,27,Female,3,LQVQNd,Books,988.285089558488,2
TR-245,2024-09-01,2962,vBsbYpBz,48,Female,7,jiKFoN,Books,419.5769438259824,3
TR-246,2024-09-02,8962,AHTdIxbe,39,Male,10,pekyCh,Electronics,461.7141567705525,5
TR-247,2024-09-03,9681,dxXUvxtJ,55,Female,2,duVnOu,Clothing,770.4208246666022,5
TR-248,2024-09-04,3515,pqRguFfg,45,Female,3,AliFSi,Electronics,121.4231768785811,4
TR-249,2024-09-05,9205,yCuLgLPW,33,Male,1,gPaMWK,Clothing,586.663447329704,5
TR-250,2024-09-06,3142,phcslPdx,25,Male,8,CZGELx,Electronics,214.88008194047777,3
TR-251,2024-09-07,1273,yvTqMuRg,40,Male,6,utZZgV,Electronics,749.9240434006125,2
TR-252,2024-09-08,4196,GUxDximm,23,Male,8,gyXthS,Electronics,731.5040503437722,1
TR-253,2024-09-09,2710,FYRqzIIF,57,Female,3,TIgQkv,Clothing,443.9732991699844,1
TR-254,2024-09-10,2848,pMNdwVxB,36,Male,4,ZwOCNv,Books,550.0732960063566,3
TR-255,2024-09-11,8423,CgnlLDMi,24,Female,4,dpUIQR,Electronics,243.6215943944709,5
TR-256,2024-09-12,1529,UTTQisJW,33,Male,3,NMqrSk,Books,488.14460449660965,2
TR-257,2024-09-13,3450,cnhhBYnP,18,Male,5,RZbVJa,Electronics,316.58680984258683,5
TR-258,2024-09-14,3569,fNfymmce,37,Male,4,aYrxfF,Clothing,881.8962635281624,5
TR-259,2024-09-15,3820,xiFDyjaJ,51,Male,7,KZQSDg,Clothing,581.6581453985608,5
TR-260,2024-09-16,6921,GLdNvfdX,45,Female,7,IEfwKL,Books,998.4732651561756,4
TR-261,2024-09-17,4195,AtJARlvw,60,Female,10,CJoIcB,Electronics,725.4062905153164,3
TR-262,2024-09-18,6584,OXuihhzy,28,Female,3,VLSkiB,Clothing,75.55710968235515,2
TR-263,2024-09-19,9974,BgisZpKu,40,Female,7,oQoEpP,Books,275.23737905867637,3
TR-264,2024-09-20,4165,wNRhBJqk,55,Female,9,GSmbBK,Clothing,522.3738897531877,2
TR-265,2024-09-21,2696,fPSmUbDn,49,Female,4,RyDGHk,Clothing,792.4942921103719,1
TR-266,2024-09-22,7061,CSkEVTqj,66,Female,4,pPoOta,Clothing,140.88673046926675,3
TR-267,2024-09-23,9523,VGLVMkwO,29,Female,7,zqRBCc,Electronics,404.7914176939797,3
TR-268,2024-09-24,2762,mVfysFTN,51,Male,10,sgNafR,Electronics,773.6149820811477,4
TR-269,2024-09-25,3093,yyWuRrPe,30,Female,4,ZhTsWA,Clothing,62.7205819226046,2
TR-270,2024-09-26,8329,huxqtNsw,31,Female,10,AOGBbn,Electronics,694.0087606329818,2
TR-271,2024-09-27,5967,hRFXzerT,51,Male,5,dKhmBA,Electronics,27.898909953542123,5
TR-272,2024-09-28,9884,mKbgAupv,58,Female,7,JOlztt,Clothing,280.9689012160122,1
TR-273,2024-09-29,5136,zvnECeJJ,44,Male,3,cmcebi,Books,568.5838935269031,1
TR-274,2024-09-30,7564,tizUeVbN,19,Female,9,SlVDXM,Books,803.7801596846303,3
TR-275,2024-10-01,7396,JwtVwLoM,54,Male,8,PrbNfu,Books,245.6022554063006,1
TR-276,2024-10-02,1358,sQojmHTf,49,Female,3,PFvrDx,Clothing,776.9641843922897,1
TR-277,2024-10-03,9919,dmpabnZh,69,Male,9,oYXSsH,Books,192.083105087606,5
TR-278,2024-10-04,6634,oasiAlvo,50,Female,2,sQNVXH,Electronics,626.0012342017012,5
TR-279,2024-10-05,7340,CbkOQSzv,67,Male,1,kpLIhR,Clothing,957.2765213460093,5
TR-280,2024-10-06,2615,lBOsipVU,61,Male,5,kzlwIz,Books,563.9605609652778,4
TR-281,2024-10-07,8501,GrnORBlC,55,Female,1,ievLmA,Books,587.8540818040715,1
TR-282,2024-10-08,5364,mgKALlFw,58,Male,2,PjLWOI,Clothing,336.6485844613472,1
TR-283,2024-10-09,4012,ssUcAoDf,51,Female,3,jLKUAb,Books,862.5819377826107,1
TR-284,2024-10-10,2301,XSSqNSEC,43,Female,4,ICKFxK,Books,632.3192613329994,1
TR-285,2024-10-11,8110,VhUqQump,33,Male,3,izRArf,Books,238.58837754775328,1
TR-286,2024-10-12,1850,rYuFuSkK,28,Female,5,vhqtYr,Clothing,363.3801417436484,1
TR-287,2024-10-13,4424,yzixgpQA,62,Male,9,NUaIWn,Electronics,372.0103471036173,1
TR-288,2024-10-14,3715,IAMZAtzx,25,Female,4,LPAEKv,Clothing,464.765163453258,4
TR-289,2024-10-15,5291,gfHFtzvF,22,Female,9,MQOOLO,Electronics,67.62862280604833,5
TR-290,2024-10-16,6542,sHUTjTXI,28,Female,5,cawbvj,Clothing,512.2451043814112,4
TR-291,2024-10-17,4384,ILKNBQTz,27,Female,3,QAXeeY,Clothing,784.9195242088343,2
TR-292,2024-10-18,3771,vvsVDJVN,48,Female,5,ksnpai,Clothing,931.7289461405999,1
TR-293,2024-10-19,9305,XvIzAuLZ,32,Male,5,JvxnDF,Electronics,610.0344932446455,4
TR-294,2024-10-20,9353,uRArcUes,61,Male,10,KehUTw,Clothing,190.7366567418075,2
TR-295,2024-10-21,1475,PwQhZcmb,20,Female,1,BtCRZj,Books,141.64500641971836,3
TR-296,2024-10-22,5439,MYLEDxgq,40,Male,2,poFUiX,Electronics,484.1110582270964,3
TR-297,2024-10-23,1030,Hpvnonda,61,Male,8,POujKd,Electronics,971.6268353989291,1
TR-298,2024-10-24,3658,nYXuFLJV,47,Male,10,YLimnE,Electronics,448.1140737761336,2
TR-299,2024-10-25,3295,SUuKoxSP,56,Female,7,TGyfhB,Electronics,986.4040008112926,1
TR-300,2024-10-26,4297,aDMMCZaY,30,Female,8,HBqBsR,Books,977.6300489545116,5
TR-301,2024-10-27,6019,ItankZEO,49,Male,8,axFTIG,Electronics,286.747726834972,5
TR-302,2024-10-28,5077,xgJXtgQe,23,Male,9,vtFkbj,Electronics,404.06623511842133,1
TR-303,2024-10-29,9271,JEKPAOGc,28,Female,10,OqUpxH,Clothing,521.6841631339191,5
TR-304,2024-10-30,9223,DXxdntTb,56,Male,2,kPgYxE,Electronics,910.8415603342718,2
TR-305,2024-10-31,8769,RJtYBaRs,39,Male,3,yknScX,Electronics,374.7686374091826,1
TR-306,2024-11-01,6733,phCRPQJZ,43,Female,4,ATJoff,Clothing,157.38751520878526,5
TR-307,2024-11-02,2898,iLtVydTZ,42,Male,5,GhpQqG,Clothing,636.22794944203,3
TR-308,2024-11-03,8264,MIuOMmLP,36,Female,6,eGYlKA,Electronics,603.5801428259632,2
TR-309,2024-11-04,8999,RUWUWlHx,52,Female,2,CQJjgJ,Clothing,569.8989611161594,5
TR-310,2024-11-05,5302,dPqLhkCp,63,Female,4,LrwinI,Electronics,883.8077168829003,1
TR-311,2024-11-06,8613,TmXeDLby,47,Male,3,Wecyku,Clothing,192.04049648182777,2
TR-312,2024-11-07,6183,ZvoLaQPp,23,Male,7,ZaeKfF,Electronics,654.6829122492362,1
TR-313,2024-11-08,4850,JzlYXbit,40,Male,4,SAVNDk,Books,896.6404559894465,4
TR-314,2024-11-09,4772,CVBSGgFG,23,Male,6,ZAGeJS,Electronics,182.38464041577217,1
TR-315,2024-11-10,6370,ihXlEDmw,55,Female,10,OLLBYZ,Electronics,755.856129779081,4
TR-316,2024-11-11,9723,zWnYbgvw,63,Female,4,SfXOjp,Clothing,556.7350712845953,1
TR-317,2024-11-12,3877,CsIsMuGK,49,Male,3,DnOXkq,Clothing,460.7687251371082,5
TR-318,2024-11-13,1581,wDHLXehI,29,Female,1,nNGKXC,Clothing,664.6194877840732,4
TR-319,2024-11-14,9546,IUAduUyO,66,Female,7,OyJZux,Clothing,748.3812630903624,5
TR-320,2024-11-15,2778,XzgPucOq,45,Male,8,tFOYxb,Books,228.1909422263734,5
TR-321,2024-11-16,8610,JiuJXtTm,38,Male,1,tupVpn,Books,322.9301724950955,3
TR-322,2024-11-17,1711,knmuESkw,53,Male,8,QpcHAP,Electronics,389.7436754868379,1
TR-323,2024-11-18,8754,GoepjvZA,43,Female,2,ItWkaB,Books,764.3279061130221,4
TR-324,2024-11-19,6014,TMnsprsh,23,Female,2,acprdy,Electronics,12.577873173167266,4
TR-325,2024-11-20,4145,YTBtujVj,58,Male,5,ngIxAj,Clothing,417.03567515200774,2
TR-326,2024-11-21,1742,VdRxmMeE,38,Female,2,nLFHRx,Electronics,986.714570232608,2
TR-327,2024-11-22,9671,RrPsNJal,65,Female,3,nVOUxj,Electronics,215.9076101618141,3
TR-328,2024-11-23,6414,SMmfmuPH,29,Female,9,EEhMxi,Clothing,397.75217505692336,2
TR-329,2024-11-24,4460,nKijfRMH,49,Male,6,jGBwTY,Books,171.65745090567955,2
TR-330,2024-11-25,5199,aYDxQdbO,70,Male,4,HoNkBR,Electronics,612.2106220002644,5
TR-331,2024-11-26,4115,qBnicsIS,44,Female,2,QozPXY,Clothing,375.0297873389914,1
TR-332,2024-11-27,5515,kiHUfKlk,58,Male,9,xsKwMl,Books,116.38110989061336,1
TR-333,2024-11-28,7806,hEMsVoxZ,34,Female,2,wTwdss,Electronics,357.70251988425457,1
TR-334,2024-11-29,7804,kEFIUFDK,69,Male,9,JzvHYf,Electronics,651.1020191771222,1
TR-335,2024-11-30,4134,KRsDVVgp,31,Male,8,ZMOnjd,Clothing,875.7845598972318,5
TR-336,2024-12-01,9211,ALUXBETF,29,Male,10,EOQOqD,Electronics,469.9518853178957,3
TR-337,2024-12-02,2674,CkmUvAze,54,Male,3,LvUzaR,Books,983.1403942996355,5
TR-338,2024-12-03,7092,uLwcNIJN,45,Female,6,xzbwJk,Clothing,745.3054325929811,1
TR-339,2024-12-04,2286,PAmlGdTV,41,Female,5,hbcBJZ,Books,53.836904817901974,4
TR-340,2024-12-05,3044,uHckxCro,60,Female,6,XXArNJ,Clothing,896.337545512754,3
TR-341,2024-12-06,3352,vAvVlBHi,42,Male,3,attrpJ,Books,944.3752506083675,4
TR-342,2024-12-07,9533,gCzkvYpR,34,Female,10,xrlZWI,Clothing,439.5379158561007,1
TR-343,2024-12-08,3187,orEUadmq,33,Male,4,AuTjey,Electronics,289.28874550170553,1
TR-344,2024-12-09,9407,TdeoQMPn,21,Male,9,wNtzBu,Clothing,272.94934202223027,1
TR-345,2024-12-10,6914,vecBxmcy,31,Male,4,rdrDxo,Clothing,438.7498058792214,2
TR-346,2024-12-11,9132,CdLQXYam,46,Female,4,GcYTIg,Electronics,653.9308490625758,4
TR-347,2024-12-12,7001,TOttOyvm,62,Female,2,yNONIg,Electronics,253.78187997175317,1
TR-348,2024-12-13,7885,nirgEatC,41,Male,6,JkuOiC,Electronics,123.69598464498912,4
TR-349,2024-12-14,7328,PnTfSULw,21,Female,4,KOSfJd,Electronics,557.6407783821206,4
TR-350,2024-12-15,5342,GsOnzdqC,29,Male,4,ltnAeQ,Clothing,499.18166295874204,1
TR-351,2024-12-16,5359,QdEHhcmO,30,Female,9,tGXgCj,Clothing,713.3430991693228,4
TR-352,2024-12-17,5929,LBJBhKSP,23,Female,9,bXuBNQ,Electronics,845.6330990940645,4
TR-353,2024-12-18,4268,SwcOgsHX,44,Female,2,agFXLf,Electronics,210.4554937807169,4
TR-354,2024-12-19,5174,OaFiaIjR,60,Female,7,vfAwxa,Clothing,392.9576045119853,4
TR-355,2024-12-20,8547,xyrHVerj,48,Male,3,QQdKgH,Clothing,651.5355723228138,5
TR-356,2024-12-21,9181,rhrzfpkw,58,Female,7,NMVdxA,Clothing,88.15914578142953,4
TR-357,2024-12-22,1572,MetBLdHh,54,Female,8,JVKuXx,Books,650.5462655845758,3
TR-358,2024-12-23,2889,boVJTBoK,44,Female,2,cmEhuk,Books,691.5123137646009,5
TR-359,2024-12-24,2994,TkVXFfqf,41,Female,1,YRxRgd,Books,279.06497851862724,5
TR-360,2024-12-25,5954,WVXzgwoo,23,Female,4,xcImnw,Clothing,192.64866533704344,5
TR-361,2024-12-26,9205,KPlFRVEy,70,Female,8,JPgbvv,Electronics,182.38586079921797,5
TR-362,2024-12-27,4374,LfKMXGaB,58,Male,3,AqDCey,Clothing,75.16684302471232,2
TR-363,2024-12-28,6337,wLekqltV,36,Female,9,DLkRQv,Electronics,727.5433994000202,1
TR-364,2024-12-29,3036,UlVDJgjl,46,Male,9,AsMhFi,Clothing,367.7976346784288,1
TR-365,2024-12-30,3306,ExvYfxdZ,36,Female,4,VVluIJ,Electronics,58.30915759432863,3
TR-366,2024-12-31,6077,aArTeIjA,59,Male,9,FPWLvk,Clothing,854.4207411360359,4
TR-367,2025-01-01,5414,oqJfqwHD,37,Female,3,ZtNDoe,Books,380.0021126869866,3
TR-368,2025-01-02,1382,jfmopWJw,38,Male,4,aRKyrO,Books,293.4093913814165,1
TR-369,2025-01-03,2354,amzWprdS,53,Male,1,kyIhmD,Clothing,691.7601107622565,4
TR-370,2025-01-04,9641,saUDaejJ,29,Female,10,akzQiU,Clothing,218.58525191718087,5
TR-371,2025-01-05,4693,PFJnGfSb,40,Male,10,XjRjvE,Electronics,40.148035906132,2
TR-372,2025-01-06,3126,ptvoExjJ,39,Female,8,GUDCCr,Books,848.1043472536923,4
TR-373,2025-01-07,3345,iJLUhQpc,63,Female,3,feWKWJ,Electronics,31.310414388684585,4
TR-374,2025-01-08,2677,HTtfQhDR,22,Female,7,LTgLwg,Electronics,100.97070517525076,2
TR-375,2025-01-09,9615,rMzgXVvM,64,Male,2,YbEGld,Books,468.3468859041645,2
TR-376,2025-01-10,5119,YjdDVwVj,68,Female,5,PJPbbT,Clothing,66.00212128407553,3
TR-377,2025-01-11,5572,QMZaYieN,53,Female,2,pdKdgA,Books,669.8586466189046,3
TR-378,2025-01-12,9100,pdpokSjT,43,Female,2,gXQXXG,Electronics,618.9567963070467,1
TR-379,2025-01-13,5676,mmWtLNVy,30,Female,10,rJHBUR,Electronics,377.23283360245244,3
TR-380,2025-01-14,6803,hYjRWDym,66,Male,4,gNEHKx,Electronics,693.1839037454363,1
TR-381,2025-01-15,5458,ZHvCImWG,40,Female,4,FPasHJ,Books,752.7853642154638,3
TR-382,2025-01-16,2061,kCaNbtYR,70,Female,7,mDxgCS,Clothing,830.7637146407397,1
TR-383,2025-01-17,2400,vaYnZcJZ,51,Female,10,yDwzlu,Electronics,551.856471270798,3
TR-384,2025-01-18,6709,OSjjQImj,42,Female,3,eCAnUy,Clothing,711.0416273378365,5
TR-385,2025-01-19,8170,sHxwEXZV,25,Male,7,cuRmRC,Books,389.55058265395456,3
TR-386,2025-01-20,1579,WXjKJxIO,31,Female,2,XIvAvP,Clothing,753.3586014372671,1
TR-387,2025-01-21,2416,VNtCUkAG,68,Male,8,OEhTsR,Books,57.188632914455994,1
TR-388,2025-01-22,9894,jMeqTwrc,64,Male,9,JlnzIu,Clothing,268.3060978606097,5
TR-389,2025-01-23,5952,YCYUstwJ,31,Male,1,KwcvhR,Clothing,606.0759099055626,1
TR-390,2025-01-24,8156,wonNkXrX,37,Male,10,AwTcFm,Clothing,850.923532538161,4
TR-391,2025-01-25,9247,HnmLRrUr,47,Male,6,tEUEMG,Books,757.0580245015719,4
TR-392,2025-01-26,8138,YJvwXzZv,34,Male,9,DRduty,Books,293.96649865039325,5
TR-393,2025-01-27,2824,alMZfuqu,66,Female,9,ubjkaD,Books,284.7620884714292,1
TR-394,2025-01-28,9659,vuMppsUk,29,Female,1,zAVeGd,Books,711.8233935399895,1
TR-395,2025-01-29,1682,PNUztjFt,32,Male,5,rwtSmz,Electronics,211.67235883083805,5
TR-396,2025-01-30,3461,rWMEElJM,70,Male,4,NsmfWp,Clothing,104.4407414686137,1
TR-397,2025-01-31,7412,qZhUFEHj,29,Male,9,vgqGqs,Books,935.937534362997,4
TR-398,2025-02-01,9695,XqlqVEac,60,Male,7,nlTyTk,Books,879.8738904030703,3
TR-399,2025-02-02,9267,aCpTANiA,69,Male,2,RxGWdN,Electronics,986.2656766396228,1
TR-400,2025-02-03,2536,uSZRnnwl,61,Female,5,vGJIhK,Clothing,116.84936365864937,2
TR-401,2025-02-04,7853,EpZUdgbp,37,Male,10,UAeBNl,Books,695.8313037480137,3
TR-402,2025-02-05,1626,XRHNJrcF,42,Male,5,fZZUxX,Clothing,985.4033577596124,3
TR-403,2025-02-06,7793,jpWoEqZU,66,Female,5,XvJElt,Books,777.005298736023,4
TR-404,2025-02-07,2027,pkjUiRtM,25,Female,9,fhbuYx,Clothing,856.1659892557909,5
TR-405,2025-02-08,6221,BLcPQnZA,20,Male,5,mHafGy,Clothing,587.2680311449947,3
TR-406,2025-02-09,6352,ttbgyfMm,56,Female,2,svcKMc,Electronics,406.64373340890427,3
TR-407,2025-02-10,6611,nJcyXqVN,38,Female,4,FGukYz,Clothing,826.2428525697844,3
TR-408,2025-02-11,4781,nudBwLBX,69,Male,10,IAxXkf,Electronics,480.78430258980427,4
TR-409,2025-02-12,2058,QMytvXMC,34,Female,1,SFpxkq,Clothing,371.1290824196574,2
TR-410,2025-02-13,3946,zLZVNTvu,24,Female,4,upebYC,Clothing,899.8922034245358,3
TR-411,2025-02-14,7270,WiRNVeRx,63,Female,6,rKUxpg,Books,499.67908541670846,4
TR-412,2025-02-15,6622,yVqqhDUS,49,Female,8,XUvhep,Electronics,685.344687667419,3
TR-413,2025-02-16,3482,FFjdwoDy,61,Male,8,WGDren,Books,237.74249097717546,1
TR-414,2025-02-17,1671,vCWlCVBm,25,Male,3,boLGWr,Books,777.6054021874182,2
TR-415,2025-02-18,1136,ZLCnZodg,43,Male,4,ysXIjo,Books,510.6434881570135,4
TR-416,2025-02-19,2217,JdJMVnnF,35,Female,3,LkiJhh,Books,330.35349971049715,2
TR-417,2025-02-20,6342,CxsbOgOF,57,Male,8,nKjUph,Books,698.9410026987,2
TR-418,2025-02-21,8250,GiueFelc,22,Female,5,Rnsmkg,Clothing,969.9058392017541,3
TR-419,2025-02-22,6056,OPRwQrwi,36,Female,10,qTACCM,Books,708.6339300758356,1
TR-420,2025-02-23,7451,AjDJrRwG,46,Male,4,hvVWjd,Electronics,825.5750189433386,2
TR-421,2025-02-24,2271,oVsXlGFG,26,Female,2,wqmnWG,Electronics,280.8956847232417,2
TR-422,2025-02-25,7863,cfDdpXOY,42,Male,3,wwHgvH,Clothing,642.2297471327125,4
TR-423,2025-02-26,3025,qvAxWQTL,66,Female,7,zpcVHJ,Books,995.2251726818574,2
TR-424,2025-02-27,5676,lDgAYLNK,47,Female,6,IddiMK,Electronics,43.65523910928785,4
TR-425,2025-02-28,8077,uOzlUbRg,62,Female,10,qKspCE,Electronics,786.3753379213874,4
TR-426,2025-03-01,9548,zLYpPGbg,20,Male,10,PyLxBg,Electronics,865.1783598076846,5
TR-427,2025-03-02,5126,dtJWrxBd,70,Male,4,fAhQFQ,Clothing,185.1046076331565,4
TR-428,2025-03-03,7975,xQaDSNdk,63,Female,8,huFgpt,Clothing,339.49689233669886,5
TR-429,2025-03-04,1084,SpDxCOFV,32,Male,6,zYKWjb,Clothing,122.5716024052181,1
TR-430,2025-03-05,5952,vCgXHxVr,65,Male,9,pTUuRp,Books,603.3594484798865,5
TR-431,2025-03-06,3394,NNnYmQsI,45,Female,3,aLVdcn,Books,308.6588829621147,2
TR-432,2025-03-07,3477,hXMUDZvy,54,Male,6,qVfYob,Books,568.699508271576,5
TR-433,2025-03-08,6390,hYwYDRRh,28,Female,2,nmUjyf,Electronics,144.34606549636965,5
TR-434,2025-03-09,4315,vZBTwOvm,62,Female,8,ttsaeL,Books,182.8488220341205,5
TR-435,2025-03-10,3627,BQjBjRZM,43,Female,10,BTixek,Books,759.1551703094567,3
TR-436,2025-03-11,1432,QwNnwnGU,54,Male,6,XABLqN,Books,392.8459129862709,2
TR-437,2025-03-12,2202,brEpiOID,28,Male,5,EsLqMK,Electronics,519.591698545267,3
TR-438,2025-03-13,1128,nBLiOJsg,24,Male,5,lrBkAO,Electronics,963.5613381826781,4
TR-439,2025-03-14,1868,LhVSgnyh,70,Female,6,bAYZfj,Clothing,884.9783623326906,4
TR-440,2025-03-15,7990,rfdaEBYA,41,Female,4,rMLkuM,Clothing,456.9427205815611,2
TR-441,2025-03-16,5436,wrlZyWHp,18,Male,7,DNCcqw,Clothing,999.4836799431511,3
TR-442,2025-03-17,3563,ihCNZxYx,65,Male,8,LIiCYn,Clothing,87.90058437832066,3
TR-443,2025-03-18,9250,eHCsAqTf,61,Female,9,bgxjOr,Electronics,134.81582689170335,1
TR-444,2025-03-19,1403,IcJSmzFp,66,Male,9,eEIqNr,Clothing,626.9775315440577,5
TR-445,2025-03-20,8102,lURQBSrY,63,Female,8,xMbwBy,Books,133.65563137401347,5
TR-446,2025-03-21,6025,isqjBcQr,35,Male,5,OmrNoJ,Books,991.7971509375636,1
TR-447,2025-03-22,5744,FLrFHHWR,30,Male,10,koiJuR,Electronics,112.73967093961751,3
TR-448,2025-03-23,6773,OklrLqVB,65,Male,10,hWtlMu,Books,620.9709670082225,1
TR-449,2025-03-24,8359,LtEgOdku,54,Male,7,sNslfX,Clothing,107.13367599063339,4
TR-450,2025-03-25,3068,UmzbEyVY,65,Female,6,kWDWSc,Books,931.1214939247792,3
TR-451,2025-03-26,3566,FmWdxsHY,51,Female,1,XvrXjD,Clothing,502.6372303449989,1
TR-452,2025-03-27,2114,tuByymLz,31,Male,5,NHqrLn,Electronics,158.02313045101423,3
TR-453,2025-03-28,2214,lGiKfFMm,51,Male,5,HfzJLz,Books,221.17623088648475,1
TR-454,2025-03-29,1683,SQSNIGGG,48,Male,3,LZgYPn,Clothing,360.7172118557181,3
TR-455,2025-03-30,8006,BQgzgrpY,43,Male,7,OMBMla,Clothing,308.3211451277063,5
TR-456,2025-03-31,1586,GKdzUuBj,45,Female,3,ABswgS,Clothing,573.8229327425432,2
TR-457,2025-04-01,4635,SVUskcYX,41,Female,10,pzPJwN,Books,62.60447855523321,3
TR-458,2025-04-02,6889,xTYbqDcw,51,Female,2,CvTKnG,Books,616.7003595011086,1
TR-459,2025-04-03,5687,ccDzMHlA,59,Male,6,TkUkno,Electronics,731.8192476468811,5
TR-460,2025-04-04,2825,QZHHapiH,65,Female,8,pvVBCs,Electronics,344.99136230161395,3
TR-461,2025-04-05,8617,TqzpCbtJ,65,Female,4,cTeEcM,Electronics,426.9344819426745,1
TR-462,2025-04-06,3545,ihnAByMA,40,Male,9,juddeK,Electronics,820.9341110583399,2
TR-463,2025-04-07,8189,FCvUFKng,59,Female,10,qwDhPe,Electronics,922.9158322896296,2
TR-464,2025-04-08,2267,SpoGPglp,23,Female,5,gbGabU,Electronics,332.46436837765026,5
TR-465,2025-04-09,9204,ODPMjULf,64,Male,5,uRrjsG,Electronics,828.254093042313,5
TR-466,2025-04-10,3306,yMITxjdq,44,Female,1,vzGSbN,Clothing,463.387099716219,4
TR-467,2025-04-11,2434,XkbXFwFk,63,Female,6,kHSBAT,Books,415.7010059530444,1
TR-468,2025-04-12,4717,WdJoKsdp,55,Female,9,pnHEwK,Electronics,107.27901742772642,3
TR-469,2025-04-13,9405,Huvupddu,37,Female,1,eoHCYX,Clothing,224.72962175492682,1
TR-470,2025-04-14,8426,PsDvRzHS,51,Female,2,cAkqNS,Books,890.6059898697359,3
TR-471,2025-04-15,9082,oMUoZIaJ,60,Female,10,zopAFx,Electronics,947.951761486483,1
TR-472,2025-04-16,6538,TfkuSTkq,62,Female,10,uRFjka,Electronics,410.7812352460121,5
TR-473,2025-04-17,2395,UNvdAiUZ,37,Male,8,qKFbwM,Electronics,828.3603688370346,3
TR-474,2025-04-18,2842,XESdUuTw,60,Male,5,WcdnbG,Books,250.48988707738667,3
TR-475,2025-04-19,6364,SzSEUuAZ,30,Male,9,hxWNIw,Books,446.42445443047677,5
TR-476,2025-04-20,8564,PdzwxQHM,70,Female,3,sFGgcA,Clothing,195.11526909984434,4
TR-477,2025-04-21,6703,LPqauJgK,29,Male,5,FapfVm,Electronics,471.5168303354402,2
TR-478,2025-04-22,8402,jTIDbDgA,53,Male,4,TJoAlO,Books,444.9816982484896,3
TR-479,2025-04-23,7785,cNCCzUyI,27,Male,6,raxAjZ,Electronics,877.774877756611,5
TR-480,2025-04-24,1216,RDoJlMKT,46,Female,9,JSSPyl,Clothing,975.2939412448811,4
TR-481,2025-04-25,4168,wZAjpjwf,35,Male,7,koHTKb,Books,219.4177699620177,3
TR-482,2025-04-26,9766,mtqZVWoq,24,Female,3,uFeQMW,Clothing,685.3454574860914,2
TR-483,2025-04-27,6879,mdkpUyWs,67,Male,9,AmuoHh,Clothing,944.8273892616908,4
TR-484,2025-04-28,7620,ZWwBapjF,30,Male,5,LHKMAQ,Clothing,404.12679350936986,5
TR-485,2025-04-29,2419,nBHsgcEl,59,Female,10,vGzNrI,Clothing,84.19862622369638,2
TR-486,2025-04-30,4808,yZrOqFGU,37,Male,5,eLGfBA,Books,630.7161357470067,2
TR-487,2025-05-01,7320,Evbbaoqq,47,Female,2,eVevaO,Books,717.5439125945134,2
TR-488,2025-05-02,2492,mSjomMgC,66,Female,3,LwYyDV,Clothing,466.1829772913483,3
TR-489,2025-05-03,5853,tBHkZSoj,34,Female,7,SqFMfi,Books,345.53651354604665,2
TR-490,2025-05-04,8625,pSlVfitk,32,Male,3,IbgNyq,Clothing,528.2494604411701,2
TR-491,2025-05-05,4795,DGkaTGVH,18,Female,8,RjECau,Clothing,777.88621060624,5
TR-492,2025-05-06,4750,DxlwLJOs,49,Female,6,wLvIzk,Clothing,503.2979734224759,1
TR-493,2025-05-07,5726,RWZhjvsO,37,Male,8,iNpQHe,Electronics,584.1476541816037,2
TR-494,2025-05-08,9227,UHQmjSEt,58,Female,4,loeVMp,Books,707.6465393340762,2
TR-495,2025-05-09,6257,aRAqkhuj,58,Male,7,oztkWh,Clothing,361.63918112296,3
TR-496,2025-05-10,9716,Wkvxonsw,21,Female,4,bgVgwm,Clothing,411.6491248168133,4
TR-497,2025-05-11,9431,meyKpajP,33,Female,5,AEJYfV,Books,261.9716024721694,5
TR-498,2025-05-12,2277,UeANOqGE,63,Female,2,ibVEvo,Clothing,792.7922610952083,5
TR-499,2025-05-13,9394,VZmggJkr,70,Male,4,CJhozn,Electronics,926.6307938684155,4
TR-500,2025-05-14,7611,rAIKgDUy,44,Female,3,GpkiNX,Books,754.7111412842667,3
TR-501,2025-05-15,2482,uSDYMBWt,62,Male,7,lMlYMA,Electronics,577.6652316466847,3
TR-502,2025-05-16,3075,UEkUgzSk,62,Male,7,WjOwQC,Clothing,929.5128559672917,2
TR-503,2025-05-17,2163,VvkGQadS,47,Female,4,sStqMP,Electronics,431.08254938234154,1
TR-504,2025-05-18,3141,ZnXyrVWl,32,Female,8,dFUMTT,Clothing,366.30194118177496,5
TR-505,2025-05-19,8490,OhGgDbQf,50,Male,8,NBvNSk,Books,868.5981383408299,3
TR-506,2025-05-20,6406,ZatEBLEP,49,Female,6,quCuvG,Electronics,723.0645314427131,2
TR-507,2025-05-21,2001,OHILhUBg,40,Male,3,PGwhwt,Electronics,168.80384558215317,5
TR-508,2025-05-22,2210,LuFMWgmo,69,Male,1,HcxIeJ,Clothing,951.5407480447236,5
TR-509,2025-05-23,8091,cILZUDZu,64,Female,3,lLzsyz,Clothing,184.97888848536832,3
TR-510,2025-05-24,9493,jUAiYFnf,66,Female,2,yHvXdd,Electronics,356.3339201081499,2
TR-511,2025-05-25,8250,AOZDDVEi,62,Male,3,tfplHg,Clothing,611.4213691569137,4
TR-512,2025-05-26,1921,RCUeiwGU,59,Female,5,HAMbKT,Clothing,190.87081064116848,3
TR-513,2025-05-27,1084,NBYWqOgJ,20,Female,10,OcBEdm,Electronics,254.27628145982334,2
TR-514,2025-05-28,4486,bSaanLPS,52,Male,8,SpLgEr,Clothing,55.85869167953732,2
TR-515,2025-05-29,4832,awjLgOWO,53,Female,2,kMLzak,Electronics,377.07836929424747,3
TR-516,2025-05-30,2189,eZcJwNua,20,Female,8,pbpwqL,Electronics,768.5186572156696,5
TR-517,2025-05-31,9900,bmIuepaj,60,Male,10,tlMlrK,Books,804.7195707460241,5
TR-518,2025-06-01,5287,FmQKZYNG,25,Female,3,NYCYZV,Clothing,972.2935219712814,4
TR-519,2025-06-02,7238,PeznkxYS,27,Female,1,RrIKVf,Electronics,135.3742548751316,5
TR-520,2025-06-03,8039,TuyIMyjc,38,Female,3,MrNnpt,Electronics,356.4611761859616,1
TR-521,2025-06-04,8270,rMzPirWL,27,Male,1,SjFJMX,Books,579.8366004147879,3
TR-522,2025-06-05,7894,kGwzRRZV,64,Female,10,QDipmi,Books,949.0441272959716,3
TR-523,2025-06-06,7596,FuoHMVLJ,37,Male,4,CrPkhL,Clothing,753.603232136889,3
TR-524,2025-06-07,3079,woaPffxg,41,Female,6,fLPekX,Electronics,176.16463283370044,2
TR-525,2025-06-08,6225,jPPaKkai,29,Female,10,quEinN,Clothing,623.6318771753447,5
TR-526,2025-06-09,3661,PRgDURxH,22,Female,3,hSohOo,Books,220.54698967821182,2
TR-527,2025-06-10,3160,lpgkLEoZ,21,Female,3,IleUFN,Books,417.03709162210515,2
TR-528,2025-06-11,2620,ufuqgOAP,53,Female,10,JyOpsr,Clothing,393.4725903947139,3
TR-529,2025-06-12,1759,AWTbfzoz,46,Male,1,RwTntN,Books,513.7398537703687,4
TR-530,2025-06-13,5668,LzLJkzAD,20,Male,10,NXOPJe,Books,503.9399482428028,1
TR-531,2025-06-14,1011,mTZwxUiP,20,Male,9,UBonOX,Electronics,651.596629335834,4
TR-532,2025-06-15,7733,euTCGFza,26,Male,2,txfuTx,Clothing,883.4359760057259,3
TR-533,2025-06-16,4377,uJSrFbhK,40,Female,9,gaJPHc,Clothing,681.116326317648,3
TR-534,2025-06-17,5285,ToqRNerC,18,Female,4,XmJqtY,Clothing,885.5209442088176,4
TR-535,2025-06-18,5860,pPYYuCEz,42,Male,2,hMeitm,Electronics,563.5796969982898,4
TR-536,2025-06-19,4437,dIUfYIrI,26,Female,9,vgXRyW,Books,492.9915539623641,5
TR-537,2025-06-20,7342,ONVetsNd,68,Female,6,QLGNiQ,Books,781.8644123345853,2
TR-538,2025-06-21,7394,iqCetqHz,39,Male,2,hGeaop,Clothing,845.2162387977338,5
TR-539,2025-06-22,5883,dBFviSSO,36,Female,7,xAhQXR,Books,78.52206205060085,3
TR-540,2025-06-23,9517,fzjharpM,45,Female,7,dRgias,Electronics,71.2491178997154,5
TR-541,2025-06-24,5780,GRPfjPqH,18,Male,8,eowbPv,Electronics,79.68438506695851,2
TR-542,2025-06-25,5680,xMtLGrPH,66,Male,6,OASZFs,Electronics,723.5841694177055,1
TR-543,2025-06-26,9638,qnzfyWDq,27,Female,5,kGfIdd,Electronics,499.6002639707676,4
TR-544,2025-06-27,9620,uQKvxJbz,29,Female,5,GAuAjh,Electronics,603.7711662859487,2
TR-545,2025-06-28,4875,RgpfFvMa,23,Female,7,LwJKEY,Books,469.5066797436907,1
TR-546,2025-06-29,8138,PlZjsIVs,30,Male,7,lBNsGb,Clothing,607.4145005960424,2
TR-547,2025-06-30,1825,RPOrFjIi,66,Male,6,zGABTo,Electronics,795.4314433887463,2
TR-548,2025-07-01,1282,VsDqUgLj,46,Female,5,NdPIEF,Books,975.0851000857765,4
TR-549,2025-07-02,9670,hZerhUbP,69,Female,5,OtsWRC,Electronics,117.27008035780321,3
TR-550,2025-07-03,4608,omUDAhcF,62,Female,10,GHiwJE,Electronics,557.1259291326626,3
TR-551,2025-07-04,5647,JuDSSWFb,51,Male,7,TJPZgv,Electronics,625.7528175427187,2
TR-552,2025-07-05,8564,KkWDJUPE,42,Female,3,gwKSWN,Electronics,245.6830670534445,2
TR-553,2025-07-06,2860,arLwibsZ,20,Female,6,rSJBWh,Clothing,641.46772113501,4
TR-554,2025-07-07,4246,LeZCONQh,60,Male,9,dPXzDp,Books,375.82861862762843,1
TR-555,2025-07-08,9081,rlLwyLmm,67,Female,1,ajhXvc,Electronics,95.11977896400072,5
TR-556,2025-07-09,8535,phuVsPNT,31,Female,10,lNmsLX,Clothing,920.1342248928829,3
TR-557,2025-07-10,7634,JjVjkbcV,19,Male,7,KlWRhT,Clothing,826.5175660329115,2
TR-558,2025-07-11,3281,gvCWxIjg,26,Male,1,ZgFuzN,Electronics,12.324604340245884,2
TR-559,2025-07-12,2214,HtmGrTzZ,24,Male,7,HoxzxF,Electronics,656.3208880498912,3
TR-560,2025-07-13,4195,iEltJegm,33,Male,4,VbradZ,Clothing,698.1965129127003,1
TR-561,2025-07-14,7359,tceRKvjN,26,Male,8,XRccgS,Electronics,442.08490156818567,3
TR-562,2025-07-15,4184,HJirQvGj,67,Male,8,skOIyu,Books,40.36096569762389,1
TR-563,2025-07-16,7095,MVlcAQAv,22,Male,8,cbFxEp,Books,247.81583634490062,1
TR-564,2025-07-17,3841,bHXvcBvq,58,Male,2,oQRWXg,Books,360.850142609472,5
TR-565,2025-07-18,7371,NZciBWRz,48,Male,3,PwfIDX,Electronics,747.9182259776577,1
TR-566,2025-07-19,7221,ChNNPBox,47,Female,5,QWrsDQ,Books,284.089833784971,5
TR-567,2025-07-20,6327,BiqhiURu,64,Male,1,JKALuF,Electronics,288.814082968867,5
TR-568,2025-07-21,8506,qaIUKoFQ,42,Female,9,AxNmDw,Books,588.7630467862579,5
TR-569,2025-07-22,2830,HAFYwfoz,63,Male,8,KfdnCx,Clothing,158.11199087216028,5
TR-570,2025-07-23,6728,amiLQCCT,45,Female,3,DwqBdq,Clothing,575.6522222306793,4
TR-571,2025-07-24,7868,HpfKKtCe,35,Male,6,poKvzb,Clothing,856.642332214405,5
TR-572,2025-07-25,2995,qErfkzfm,26,Female,7,eYWREq,Books,742.7797308324654,1
TR-573,2025-07-26,5022,zCaGOsQb,57,Female,3,JVChTr,Electronics,172.24534859918174,3
TR-574,2025-07-27,2539,qoOFtDHH,39,Female,10,QojRJL,Books,890.8262011878401,3
TR-575,2025-07-28,2492,pqsWLEWL,64,Male,9,NVcBDY,Clothing,203.5791243929386,2
TR-576,2025-07-29,2649,TsKkzxoC,31,Male,6,ikzlyg,Books,96.17189490403015,5
TR-577,2025-07-30,1961,CLlCqaQZ,18,Male,4,ambeVG,Electronics,886.4046919435405,2
TR-578,2025-07-31,4120,YlkDoKkk,52,Female,4,FMoaBg,Clothing,982.9387320591792,4
TR-579,2025-08-01,2568,OEWIfpyg,23,Female,10,RVgFcg,Electronics,349.54399653553344,3
TR-580,2025-08-02,4395,gQhDABCY,54,Female,1,ZyezBg,Electronics,57.63962737252604,1
TR-581,2025-08-03,9241,bIWUiJYu,66,Male,10,DAUurB,Clothing,737.7526997772684,4
TR-582,2025-08-04,2947,yaXIJLyC,28,Female,10,djksGq,Electronics,260.5070106392378,4
TR-583,2025-08-05,2202,QmnZCWGt,28,Female,4,mHEUvo,Clothing,293.5709164591358,1
TR-584,2025-08-06,3717,KujOZCEv,27,Female,4,dQVYRl,Books,766.8488909623246,5
TR-585,2025-08-07,3603,vUaKKTRH,26,Female,4,dSBZHy,Electronics,426.9660749555696,4
TR-586,2025-08-08,6475,zbWfazfr,60,Male,7,wCCJlA,Books,447.9008604984083,2
TR-587,2025-08-09,3560,MLsWcXyb,33,Female,8,bDDkcy,Clothing,83.10760047241088,3
TR-588,2025-08-10,8238,mJQAPsSn,60,Male,4,sNOVTp,Books,392.4348994585205,4
TR-589,2025-08-11,5457,ZhLmLEXq,66,Female,5,xyJpec,Electronics,696.3205592945158,5
TR-590,2025-08-12,7121,dFPzEvaJ,25,Female,9,sNjuWs,Electronics,953.1279841103916,1
TR-591,2025-08-13,9397,NpBTEKdM,59,Female,9,lVgEZq,Clothing,529.4746166525905,5
TR-592,2025-08-14,3984,PaIKCVqt,43,Male,6,nPSisV,Books,916.9865191213015,1
TR-593,2025-08-15,9077,dGIpUxuM,21,Male,8,qVWNkF,Clothing,236.28116276359128,4
TR-594,2025-08-16,2997,bZCSbFxG,67,Female,5,kmrVsW,Books,535.2425292052218,5
TR-595,2025-08-17,8627,uaNECFTH,36,Male,7,kqLEmT,Electronics,203.03286146665803,3
TR-596,2025-08-18,2494,IrUbsViN,53,Male,8,TKCRIa,Clothing,484.7929285223537,2
TR-597,2025-08-19,5831,QLFuyXXD,58,Male,5,zIMhlA,Electronics,364.64629998361465,4
TR-598,2025-08-20,1335,nAXfRokI,30,Female,3,AagQZi,Clothing,53.171798244340906,2
TR-599,2025-08-21,8667,idSKqdKt,24,Male,10,tTNWPd,Electronics,60.202774156423196,4
TR-600,2025-08-22,1873,bPycvwqP,57,Female,3,oQxwpk,Books,969.8152631918696,5
TR-601,2025-08-23,5178,qICcarPb,42,Male,10,ZlaUQS,Clothing,672.8442722844873,4
TR-602,2025-08-24,2065,KSDPsMWZ,47,Female,7,NhVjaL,Books,843.3537778708646,3
TR-603,2025-08-25,6169,mLwqQNuI,57,Female,10,gfiiBI,Books,464.66789870214336,2
TR-604,2025-08-26,1563,sDojvnjJ,51,Female,8,pcMIZX,Books,92.47955301571308,1
TR-605,2025-08-27,8505,XmzLuyPT,29,Male,7,VjPMRq,Books,128.32222411776146,1
TR-606,2025-08-28,4172,JtjQQaSr,65,Male,5,kMUyLG,Clothing,247.98941191186847,2
TR-607,2025-08-29,9386,sOqlAqJH,21,Female,8,NQalhs,Electronics,480.67901314542416,2
TR-608,2025-08-30,5820,PSmroxyv,38,Female,1,YUelkG,Clothing,301.5354791777498,3
TR-609,2025-08-31,7928,FirjFgqb,37,Male,3,dYEsXA,Clothing,313.68668825755674,5
TR-610,2025-09-01,9221,DkJLCkkN,20,Male,7,SmBEVV,Books,147.66805359691466,2
TR-611,2025-09-02,5106,hmQLOBKc,42,Male,8,yfZuom,Clothing,943.8252576870052,2
TR-612,2025-09-03,7009,wqhErBvK,42,Male,5,CeXhzb,Electronics,330.5422612268064,2
TR-613,2025-09-04,9364,aviHigsi,70,Male,10,Knbzvl,Books,808.6823778281572,1
TR-614,2025-09-05,7371,gsXfiIdM,33,Male,1,qeNIEw,Clothing,67.53225540428042,5
TR-615,2025-09-06,5395,rZSdSOSZ,50,Male,1,QKFKeo,Clothing,639.0200231504849,1
TR-616,2025-09-07,4218,FCtDeyJE,70,Male,9,qAmxvR,Books,928.8013994740109,1
TR-617,2025-09-08,3241,IsjEFALT,27,Male,5,CfzPTH,Electronics,321.3460219239192,5
TR-618,2025-09-09,9708,IYLZhyCq,48,Male,1,lkNVRA,Books,73.15352142038492,1
TR-619,2025-09-10,3004,zIHrimAb,23,Male,5,pwSODs,Clothing,600.769974129967,2
TR-620,2025-09-11,1877,NaWdDCcc,62,Female,6,NWTaLI,Clothing,437.9574304018569,2
TR-621,2025-09-12,2396,eZuUtcdN,35,Female,7,snYoyE,Clothing,580.8422593891011,4
TR-622,2025-09-13,4970,mOjEnnNl,29,Female,1,ZMlOkd,Electronics,592.7829768767725,1
TR-623,2025-09-14,4450,eNHqcKId,44,Male,8,AZzLGt,Books,952.7717501025052,1
TR-624,2025-09-15,3628,fWcjRdNd,68,Male,6,XXDTIW,Books,408.8695192507224,5
TR-625,2025-09-16,5926,IdJSTNea,65,Female,10,PNgUTW,Books,818.6035828607105,2
TR-626,2025-09-17,8117,GDifYAFM,34,Female,5,ZUESqQ,Books,448.8667219123667,3
TR-627,2025-09-18,3936,BmUqtXha,29,Female,4,ZZzirv,Clothing,972.4456368672472,1
TR-628,2025-09-19,6781,DwbJJXUK,41,Female,7,EaVMzy,Clothing,256.8402504463518,4
TR-629,2025-09-20,2865,rhpanNEg,58,Male,6,AmXyjB,Books,77.35576087175326,5
TR-630,2025-09-21,6383,EFnkmzeD,54,Male,5,BgbnKd,Clothing,914.0898164686537,2
TR-631,2025-09-22,9045,HfXJaNoZ,22,Female,5,lcfxAu,Clothing,84.2943863821156,1
TR-632,2025-09-23,3202,royadrWN,53,Female,5,PeNooy,Electronics,468.249201407911,4
TR-633,2025-09-24,8634,CbIuNTbq,66,Female,3,driNHt,Electronics,778.3025264799807,3
TR-634,2025-09-25,8939,XyjEVYzb,52,Female,8,pHQEgE,Clothing,492.93264593155004,3
TR-635,2025-09-26,2237,GIkLxwyw,46,Female,9,erNcKs,Clothing,357.99315294796116,3
TR-636,2025-09-27,4461,wfCeXyrq,66,Male,4,QPKVRo,Electronics,709.9467938079749,2
TR-637,2025-09-28,8324,VqxdQyzQ,27,Male,7,riQlnU,Electronics,155.68978777891084,4
TR-638,2025-09-29,1113,KJLWlXzA,52,Male,7,cuIfOu,Electronics,649.7476548809958,1
TR-639,2025-09-30,5508,XdchhvOa,22,Male,4,CBtCHo,Clothing,984.2395727845546,5
TR-640,2025-10-01,3068,iIgIykEG,41,Male,6,rfGOtn,Books,496.386584545117,1
TR-641,2025-10-02,8130,grQwSvih,59,Female,7,hzgofy,Electronics,135.56550460257444,2
TR-642,2025-10-03,4010,sDVkqOGg,30,Female,7,sNEfBF,Books,982.3144704750518,4
TR-643,2025-10-04,7134,cNYpMOfu,63,Male,7,XbPhkT,Books,757.9782715706943,2
TR-644,2025-10-05,6996,yOXdYRhs,58,Male,1,IkHvOs,Electronics,543.7875110727376,2
TR-645,2025-10-06,5009,mOfxdaYd,65,Male,4,zGswcr,Electronics,624.8606573608935,5
TR-646,2025-10-07,5824,DBmiDoyL,62,Male,5,ycNrOB,Electronics,771.2558931789935,2
TR-647,2025-10-08,5443,pUTusDzl,63,Male,3,zmOiGD,Books,522.0477595312566,1
TR-648,2025-10-09,3274,tffZCcaY,27,Male,5,wmDetU,Books,612.6948469548579,4
TR-649,2025-10-10,4092,YvVGDzVT,24,Male,10,GVxFAX,Electronics,740.5759707686708,2
TR-650,2025-10-11,8224,RrKYKSfb,57,Male,5,rvnvqK,Electronics,368.2907135566475,5
TR-651,2025-10-12,2730,TllzhqyB,35,Female,8,YnADNy,Electronics,339.1000824445121,1
TR-652,2025-10-13,4729,kjdYONGG,18,Male,4,DOBNVN,Books,161.08746368155087,5
TR-653,2025-10-14,8118,lLdTxiTq,31,Female,10,ycSOFS,Clothing,986.4713210526651,5
TR-654,2025-10-15,9668,jpJKToZC,25,Female,7,VToxXx,Electronics,857.7193925085229,5
TR-655,2025-10-16,7256,DXNTMYBE,47,Female,9,IaHNJq,Clothing,623.1516903076792,5
TR-656,2025-10-17,1017,PXPijOcp,57,Male,10,ZjWBsA,Books,853.1049716358799,1
TR-657,2025-10-18,7490,zKSwhVOk,23,Female,3,bUcAJe,Books,356.8555085278714,1
TR-658,2025-10-19,9484,GQjPTSVI,25,Female,2,XjVBRs,Clothing,80.37933577422976,2
TR-659,2025-10-20,8917,oPZjyXxL,60,Male,1,NltiJK,Electronics,838.0273534522295,3
TR-660,2025-10-21,6803,xaXdbDiR,18,Female,9,sZhvhP,Electronics,74.49925479885385,4
TR-661,2025-10-22,2901,ikDSnARG,70,Female,3,SSnPtZ,Electronics,716.6162777240214,1
TR-662,2025-10-23,6822,cDVlixcG,33,Male,6,hHRSel,Books,659.1763314809008,3
TR-663,2025-10-24,1556,NqRNsiin,42,Male,3,YHhLne,Books,955.9892851970075,3
TR-664,2025-10-25,5564,JlopYILy,68,Female,10,EQsiCS,Books,756.2050468591655,2
TR-665,2025-10-26,2950,mGfeUCwW,22,Female,4,GcWgxJ,Electronics,723.4485952216537,3
TR-666,2025-10-27,8830,PhWemrbY,44,Female,3,PWFXUr,Electronics,660.2074881008541,3
TR-667,2025-10-28,9159,EOkCGnXb,37,Female,3,ioKpMh,Electronics,846.1896155953023,4
TR-668,2025-10-29,5875,kLDsyLXq,27,Male,5,wGQbMO,Electronics,951.3022322039712,2
TR-669,2025-10-30,8029,duPnUlch,37,Male,7,dlMvxV,Electronics,630.9928240563646,5
TR-670,2025-10-31,7756,fIXaYaiE,51,Female,2,wOEDoz,Electronics,719.84175755229,1
TR-671,2025-11-01,9665,CvdySJMJ,58,Male,7,LwZtUJ,Books,22.5763988165251,5
TR-672,2025-11-02,2584,cJbcVPPG,26,Female,7,fhiJKT,Electronics,321.13168233838763,4
TR-673,2025-11-03,4049,jLOkDlyG,56,Female,8,gDfSpq,Electronics,443.26087509238073,4
TR-674,2025-11-04,8021,RTEeMkJd,70,Female,8,Ukxpgb,Clothing,169.74943556455383,5
TR-675,2025-11-05,8657,kpPejZqw,64,Male,8,RWYuRK,Electronics,399.94059876987876,4
TR-676,2025-11-06,2270,fauqwepL,29,Male,8,HMhwTH,Clothing,901.5543707137701,5
TR-677,2025-11-07,2732,oRzXxAEs,54,Male,6,UFywEd,Electronics,677.7529443043892,5
TR-678,2025-11-08,9562,zUrKhVyI,67,Female,3,scubGy,Electronics,878.0737307520841,1
TR-679,2025-11-09,5815,hpsKGYSB,27,Female,10,tmHtkq,Clothing,513.6869337347212,2
TR-680,2025-11-10,3353,LYNRAbuU,61,Male,4,WMMUcs,Clothing,172.09704032257827,1
TR-681,2025-11-11,9055,RrMiFJgR,29,Male,10,LgxjWr,Clothing,88.09659765112076,2
TR-682,2025-11-12,3137,ICOvrkpO,51,Male,10,rlvCut,Books,941.0027357497934,4
TR-683,2025-11-13,3809,KsBtPJpB,65,Male,7,xnKrGq,Electronics,367.54682810572774,3
TR-684,2025-11-14,5399,pUMlAvUU,68,Male,5,gOBIOg,Electronics,122.3557118829412,1
TR-685,2025-11-15,4985,qBsofKsK,19,Female,2,XMevgG,Electronics,93.19505370269083,5
TR-686,2025-11-16,3488,pQiobSji,43,Male,2,MYvkNN,Electronics,176.7025617350991,2
TR-687,2025-11-17,1435,GZXugNUE,69,Female,10,LKVcew,Electronics,533.5772424928743,1
TR-688,2025-11-18,6300,UMNCencV,32,Male,3,nfglMC,Clothing,886.119373996605,1
TR-689,2025-11-19,6992,ewQQzFlH,36,Male,1,cskIiP,Electronics,776.4718453224518,4
TR-690,2025-11-20,6567,UmpCpFxF,24,Female,6,nhXwVA,Books,900.8359059106407,4
TR-691,2025-11-21,8698,qSNFcBPi,60,Male,3,DeOjLX,Clothing,934.7768478635725,2
TR-692,2025-11-22,5543,DpjOfooR,60,Male,6,fKejmj,Electronics,657.0251028383052,4
TR-693,2025-11-23,3903,dbcBGbFC,25,Female,1,FNRXaA,Clothing,835.0943915149304,3
TR-694,2025-11-24,4998,GcQKBDGd,41,Female,5,WZrazd,Clothing,276.26211771795926,4
TR-695,2025-11-25,6203,UmiMlyOP,30,Male,3,nSpOBn,Books,191.78202127654444,2
TR-696,2025-11-26,9666,vTHkEhCM,27,Male,8,GVWicx,Books,994.4030245298185,5
TR-697,2025-11-27,1338,wDXUOUOU,51,Male,9,HItkGv,Books,634.669102302484,1
TR-698,2025-11-28,4873,wybjoCPP,25,Male,10,FtjlAA,Clothing,842.2388583734004,4
TR-699,2025-11-29,4434,PGnSTICX,21,Male,3,IBJKrG,Books,993.7840769850508,5
TR-700,2025-11-30,6436,vRkMScBB,34,Female,4,nxkHlH,Clothing,748.8184910016429,2
TR-701,2025-12-01,4428,piHfZEEv,26,Male,7,RllGCh,Electronics,662.5445749383266,2
TR-702,2025-12-02,6843,gHivAUOY,30,Female,7,Jwbpzi,Electronics,408.0253343474213,3
TR-703,2025-12-03,7621,sDNyDbJx,21,Male,10,FzwMCE,Books,690.7579349915189,5
TR-704,2025-12-04,1891,jhxRUzBp,54,Female,9,iFQQES,Electronics,714.5759119940644,1
TR-705,2025-12-05,6614,oADqchmz,47,Female,7,tWPQTg,Clothing,360.31727805052054,4
TR-706,2025-12-06,6921,jrqqTivQ,62,Female,8,ODVAUW,Books,492.2417922707213,2
TR-707,2025-12-07,2737,MdxgDpJy,60,Female,5,QBDTKZ,Clothing,529.256469900872,3
TR-708,2025-12-08,7622,gvimLtRe,43,Female,3,XRIGyc,Books,686.4227476644171,4
TR-709,2025-12-09,3174,eHuAowhe,50,Female,2,AxIPFS,Electronics,834.9494935011985,3
TR-710,2025-12-10,9728,BlRbrUjA,23,Female,4,rtyjfp,Clothing,530.6993497820943,2
TR-711,2025-12-11,2828,IouaXWJM,21,Male,7,cBiEoN,Clothing,621.8674315734029,2
TR-712,2025-12-12,9235,DRmTGFCH,41,Male,8,ofQZgV,Books,620.9399906156991,4
TR-713,2025-12-13,7168,TpkDjduO,23,Female,9,FywXVx,Books,98.8620682593922,2
TR-714,2025-12-14,2607,ddyIJuyZ,18,Male,2,foDwtu,Electronics,900.800342136299,3
TR-715,2025-12-15,9360,JFhDEhya,50,Male,6,vhuUty,Books,664.8027803888604,5
TR-716,2025-12-16,6103,qNRwJvAI,59,Female,8,zTzbNd,Electronics,933.4335889790657,4
TR-717,2025-12-17,9205,PqmWPJWv,27,Male,5,zUIyeA,Clothing,479.2785771871752,4
TR-718,2025-12-18,9364,OnqfqERE,44,Female,1,PlySrD,Electronics,318.86085241210037,1
TR-719,2025-12-19,5308,krCxfIXz,33,Male,9,VpKfZn,Clothing,294.68813058900986,5
TR-720,2025-12-20,4123,CEsxoScw,55,Male,7,bxURZs,Electronics,691.7467836314895,5
TR-721,2025-12-21,5662,hOpefTbf,34,Male,5,BsgRva,Electronics,65.89913912944434,2
TR-722,2025-12-22,5376,hJNxTnJw,67,Male,7,wqrtxe,Books,316.6324089353702,2
TR-723,2025-12-23,1199,SDFUNxnp,32,Male,3,hNiNyJ,Clothing,922.4595312574066,1
TR-724,2025-12-24,9226,QrTXvXsX,59,Male,5,pEduSt,Books,809.677734385663,2
TR-725,2025-12-25,5035,xkdEqMVj,48,Female,2,nbzjFJ,Electronics,781.6756844364833,2
TR-726,2025-12-26,6915,EvpzrRyk,52,Male,2,YcFQdj,Electronics,675.4112655420353,2
TR-727,2025-12-27,8908,KVoxCJVf,44,Male,3,AXTmSt,Books,813.1869122747688,4
TR-728,2025-12-28,5111,cOlycHHn,64,Female,9,sIOcYA,Clothing,172.35957896297995,4
TR-729,2025-12-29,6362,kBynFCTD,61,Male,1,RoLTyl,Books,67.03868696169624,1
TR-730,2025-12-30,3485,znokpeEo,39,Male,5,UnwqGx,Clothing,311.28785236380355,5
TR-731,2025-12-31,4416,SeyjOhbx,63,Male,6,puMpDW,Electronics,106.60851062885627,5
TR-732,2026-01-01,1864,aSzyMYrF,34,Female,9,tAtFxM,Books,609.0986623302853,5
TR-733,2026-01-02,1550,XUUNFUsH,24,Female,10,BHpofJ,Books,757.0526390859551,3
TR-734,2026-01-03,7460,krgyvxdc,45,Female,3,aNteLS,Books,84.84384183860624,3
TR-735,2026-01-04,5693,GColqOWh,53,Male,2,rAnPIy,Electronics,39.32919190832752,3
TR-736,2026-01-05,1717,ZCWPzAbY,66,Female,1,TFZAQI,Clothing,124.70681797312709,5
TR-737,2026-01-06,1643,GxdwzDYE,64,Female,3,EbVTMU,Clothing,404.92134615364773,1
TR-738,2026-01-07,6803,qebqbvYJ,31,Male,4,FNrpAv,Clothing,948.5714063279396,5
TR-739,2026-01-08,2717,fJUTjpZt,30,Female,4,iSfiCl,Electronics,423.08373355053413,5
TR-740,2026-01-09,6986,POrxREKI,64,Female,5,fikkuk,Electronics,244.84165631156245,2
TR-741,2026-01-10,5541,vQTYPjck,29,Female,4,xLsSSB,Electronics,261.53237907990837,5
TR-742,2026-01-11,1513,kzlmnZhw,49,Female,4,zBDial,Clothing,18.010417613665876,2
TR-743,2026-01-12,8392,YTSCAQEp,40,Female,9,BhEzAY,Clothing,700.1222884419001,2
TR-744,2026-01-13,3089,HPlIMHnZ,46,Male,3,lLGKGg,Books,412.36006663422745,2
TR-745,2026-01-14,3942,avGwuDBc,55,Male,6,iXJZsn,Electronics,732.9063070692631,5
TR-746,2026-01-15,8025,GMKIWeUs,70,Male,6,CvBaTa,Books,448.90848612761243,3
TR-747,2026-01-16,6844,KgcBNvrD,68,Male,5,YkRTrS,Electronics,145.77439621980332,1
TR-748,2026-01-17,2570,kuMmKBhi,49,Female,5,rgugJv,Clothing,732.305700241474,3
TR-749,2026-01-18,3056,pdhVCvNB,64,Male,6,vXAqvg,Books,418.54668465396344,3
TR-750,2026-01-19,8638,kQgFZDUU,26,Male,10,gMQYHV,Clothing,907.2487208781984,4
TR-751,2026-01-20,3846,aJqQJFBf,30,Female,4,qbJboZ,Clothing,193.89290147064116,3
TR-752,2026-01-21,8760,jluHZaDH,48,Female,6,GNEtju,Clothing,872.305544178804,2
TR-753,2026-01-22,5167,nrKerttv,68,Female,9,wLAoHW,Electronics,993.2618102803148,4
TR-754,2026-01-23,9931,Kcypvklv,29,Female,10,oYOVpa,Clothing,132.8707378537841,1
TR-755,2026-01-24,9945,ZdXNtQaK,45,Female,7,rCFBAp,Electronics,611.4057989684815,4
TR-756,2026-01-25,8493,CPcMYoSg,23,Male,5,JlHrKm,Clothing,138.39924443652956,1
TR-757,2026-01-26,5240,FJvTbzua,43,Male,2,hBStrr,Electronics,660.0017870394563,2
TR-758,2026-01-27,2421,OlJpSDAy,45,Female,10,JyYxrI,Books,716.2514320921001,5
TR-759,2026-01-28,5015,nJlYrIXw,24,Female,10,wyiwNI,Books,722.2841372799925,2
TR-760,2026-01-29,9608,SZvgpLCP,36,Male,10,yKJtaX,Clothing,727.5874177498008,4
TR-761,2026-01-30,5632,PDvmcymw,27,Male,6,FNkSUd,Clothing,875.839475654451,5
TR-762,2026-01-31,3402,twCddIUr,40,Male,7,fldROe,Electronics,328.8976696279335,1
TR-763,2026-02-01,7297,heFOdgiT,43,Female,2,OiftZc,Books,629.8926432001459,4
TR-764,2026-02-02,6156,lXiUYvpG,62,Female,10,egmblf,Clothing,391.6477652560413,1
TR-765,2026-02-03,9614,nuMldrtL,64,Female,1,dHovaQ,Books,721.8531826040611,3
TR-766,2026-02-04,7913,PEYMkvuH,24,Male,7,AbXvSs,Electronics,797.6285616043008,3
TR-767,2026-02-05,5908,YTQOUqMO,43,Male,5,LqzyCA,Electronics,567.9016456829894,4
TR-768,2026-02-06,6734,HMpSJnRk,21,Female,2,quzfDk,Electronics,16.362586960110157,5
TR-769,2026-02-07,3106,yHZZzKKX,19,Male,2,rimMMx,Electronics,246.81196009481013,5
TR-770,2026-02-08,6654,lQEAiljm,36,Female,8,Jmlgsr,Clothing,673.9904612958023,1
TR-771,2026-02-09,8431,vvhIgpfG,64,Male,1,EPHUAb,Clothing,986.2954897332758,4
TR-772,2026-02-10,1994,jQAtoivJ,70,Male,9,WPFoDB,Clothing,853.5179363704877,1
TR-773,2026-02-11,2400,BpRGXJcG,32,Female,6,yfaqwi,Electronics,525.6295761924191,3
TR-774,2026-02-12,3471,eNNXrkWl,33,Female,6,TTLoVV,Electronics,320.1171751336838,2
TR-775,2026-02-13,4660,eKxDnAhr,26,Male,8,DomZwI,Books,693.3463711816894,5
TR-776,2026-02-14,7601,wHherkks,32,Female,2,vErqOq,Books,731.762076755721,1
TR-777,2026-02-15,5348,qOKrlJWD,70,Male,5,SnaHTK,Clothing,458.7738510558633,2
TR-778,2026-02-16,4963,JyCnLGAO,53,Male,6,XwyuNQ,Books,359.1166591206933,1
TR-779,2026-02-17,1449,owSNGYyo,54,Male,4,gvfgEH,Books,250.10719301292613,2
TR-780,2026-02-18,2663,NEnZWCRJ,47,Female,7,mgpQPQ,Electronics,793.4033029332868,1
TR-781,2026-02-19,2580,VTmChrZp,40,Female,10,gUraoq,Clothing,754.7118178595177,1
TR-782,2026-02-20,4464,znvzjSPN,69,Male,9,lcZukN,Electronics,682.950307768535,3
TR-783,2026-02-21,7554,OGWeUkWA,62,Female,1,clmLgh,Books,165.76877290873244,3
TR-784,2026-02-22,7268,QiMHyDWq,52,Male,5,XiyNyD,Electronics,12.707040832184282,3
TR-785,2026-02-23,4641,tMIMESGy,42,Female,6,PJsIgZ,Electronics,361.4608830066255,5
TR-786,2026-02-24,4125,gWGSAPmo,30,Male,1,VrMnyf,Books,316.751908392053,4
TR-787,2026-02-25,6598,YVtXBMNj,63,Female,2,eWhySQ,Books,680.0979085281755,1
TR-788,2026-02-26,3959,cjcifenv,63,Female,5,ioVpAy,Electronics,571.7145365154203,1
TR-789,2026-02-27,6062,kqqOTIDm,19,Male,3,jYjaDk,Books,825.7350554755612,3
TR-790,2026-02-28,6357,DyZbVTcV,40,Male,9,cKAyAI,Clothing,705.2546186894009,5
TR-791,2026-03-01,7183,MlHuRVCS,59,Female,9,YpgkwT,Books,736.0387746256508,4
TR-792,2026-03-02,4345,BFyjKEvS,59,Male,10,ElyFIM,Electronics,614.7442409626531,3
TR-793,2026-03-03,6820,YDFhPhKa,56,Female,3,hvXVKs,Electronics,499.75216484012395,2
TR-794,2026-03-04,8741,wAEKwAGt,66,Female,4,zXSsbt,Electronics,421.58464284574995,2
TR-795,2026-03-05,6737,XpaDxYpp,27,Female,3,DmIBGM,Books,673.5518956880726,4
TR-796,2026-03-06,8637,rOyKADzU,39,Male,2,ZMSpvg,Clothing,612.3993440473046,3
TR-797,2026-03-07,2389,HyzObfff,37,Male,2,cqEJBX,Electronics,977.5475889162677,3
TR-798,2026-03-08,4420,uyayNxuG,49,Male,8,bopuJy,Clothing,176.19316275737378,1
TR-799,2026-03-09,6194,HfBkiVev,42,Male,8,RReedV,Clothing,378.83853399699564,3
TR-800,2026-03-10,9994,ZlUGUOzJ,63,Female,1,KGNfTa,Books,750.6907853870606,2
TR-801,2026-03-11,5324,NYOdOtmA,61,Male,10,XcPpSW,Clothing,198.21402995942876,1
TR-802,2026-03-12,6478,HRLnUxMc,49,Female,4,vLCmxd,Electronics,275.567744209213,4
TR-803,2026-03-13,4621,hDOszhlX,60,Female,7,wezjbZ,Electronics,806.8239187861453,3
TR-804,2026-03-14,4782,gFsmqKbL,67,Female,1,xNJhgd,Books,884.5111891441137,3
TR-805,2026-03-15,8850,EqydmHEw,37,Male,10,kdNjFs,Clothing,532.9635460150614,4
TR-806,2026-03-16,6681,BTDLTbjm,49,Male,8,OFSKgp,Clothing,245.9267992957649,4
TR-807,2026-03-17,5771,ZiPgrQDi,26,Female,4,NQdoyt,Books,669.4932095080204,5
TR-808,2026-03-18,2729,LrtHzego,62,Female,1,gZYLUs,Clothing,64.24206724025574,2
TR-809,2026-03-19,2510,cmbMBnbe,70,Male,10,moyFVg,Books,667.5936526558943,3
TR-810,2026-03-20,2772,MRaKMTcL,45,Male,8,VFLIQk,Clothing,769.599718859439,3
TR-811,2026-03-21,4738,EAiorsSp,48,Female,3,TrUhAh,Electronics,264.69243176696784,2
TR-812,2026-03-22,7317,PTnbobGJ,43,Female,5,VrNCQy,Electronics,750.9158826515946,2
TR-813,2026-03-23,8822,LXbpMSge,18,Male,7,uAvpXz,Electronics,348.65416257489477,2
TR-814,2026-03-24,5667,CODmGFlk,24,Female,5,XiKDRE,Clothing,77.09708236242874,4
TR-815,2026-03-25,7190,JDaSnsOr,18,Male,10,lvcksX,Clothing,787.531540252148,3
TR-816,2026-03-26,9707,ukagkNmW,69,Male,8,lIYtFB,Books,462.8781950769798,1
TR-817,2026-03-27,2528,nNwepVSA,18,Male,8,lqjTuk,Electronics,759.9181984961116,2
TR-818,2026-03-28,7819,CiXYShsR,22,Male,7,LuxJhg,Electronics,25.987160287554687,2
TR-819,2026-03-29,3521,digIMGtP,41,Male,1,tjrvvo,Clothing,106.8377479154618,2
TR-820,2026-03-30,9958,oneJcgmx,26,Male,3,gRkcfO,Books,173.98029201664656,2
TR-821,2026-03-31,4544,GbbUuURw,67,Female,2,izmSSy,Electronics,12.638291549530734,1
TR-822,2026-04-01,9686,GZpZBKDB,34,Female,5,eGGKFF,Books,277.14133430455024,4
TR-823,2026-04-02,6893,LtgkkKRA,42,Female,6,UWhkYp,Electronics,931.9175105699634,5
TR-824,2026-04-03,9294,YQyFCalK,70,Male,9,gVgGkl,Clothing,99.66081507162654,1
TR-825,2026-04-04,2225,lFtmluxz,28,Male,3,AQCFRV,Electronics,303.72033737344464,4
TR-826,2026-04-05,6800,zIJYTlZI,51,Female,3,bfPXGC,Clothing,64.84488622303996,2
TR-827,2026-04-06,8858,uFZKdSnf,18,Male,10,iPIlYW,Electronics,129.22239134619082,5
TR-828,2026-04-07,2058,nKGWHdav,35,Female,8,TvnOtr,Electronics,967.4122272759342,5
TR-829,2026-04-08,2109,oyMjBMsp,64,Female,1,QOksVz,Books,869.3481346013042,3
TR-830,2026-04-09,2723,lBKuwwiJ,37,Male,1,bbJsfD,Clothing,201.069728615335,1
TR-831,2026-04-10,3643,RzKzoZBQ,39,Female,3,ahelvu,Electronics,386.35015631389973,5
TR-832,2026-04-11,9864,bbzXIuif,28,Male,4,CCYoAX,Electronics,447.69266727896945,4
TR-833,2026-04-12,4346,UPuAchxC,46,Male,6,ULmGOD,Electronics,974.0163876888627,5
TR-834,2026-04-13,9563,FZgBbRyR,55,Male,3,CPAgAq,Books,108.50741023352357,4
TR-835,2026-04-14,2548,KYdMtQBQ,59,Female,2,oWFCgU,Clothing,768.6048542302793,3
TR-836,2026-04-15,6250,sAIEVUNW,40,Female,8,oPEAIs,Books,631.4316055832892,1
TR-837,2026-04-16,1346,qhJvfaRG,62,Female,5,nhdLlr,Electronics,241.5374679428391,4
TR-838,2026-04-17,3779,HaUJGsVa,70,Male,7,Afafee,Clothing,777.5995149018919,5
TR-839,2026-04-18,5047,ACOGpBfV,70,Male,3,CaTqgv,Clothing,182.88002641000423,1
TR-840,2026-04-19,4692,sXllFjLN,36,Male,8,Ylaqqz,Electronics,641.3677714257691,5
TR-841,2026-04-20,6925,MBCFDFol,23,Female,3,XwXYcj,Electronics,105.16990980579956,1
TR-842,2026-04-21,3969,QVcGKejY,43,Male,2,GAXVDv,Books,299.9287798875444,5
TR-843,2026-04-22,2702,YBSoOZLq,33,Female,2,wuthgP,Clothing,882.6383606899143,2
TR-844,2026-04-23,5903,DzKMXcwr,66,Female,1,lqkpuN,Electronics,579.8869056208727,5
TR-845,2026-04-24,3504,KELIkvYN,37,Male,6,qONqNp,Electronics,664.6975986552717,3
TR-846,2026-04-25,1743,UErNfvms,48,Male,4,mPFJeU,Books,344.51389417639564,4
TR-847,2026-04-26,2563,hWQxbhxE,40,Male,4,WpwKdv,Electronics,713.1292379524352,1
TR-848,2026-04-27,9442,CZGKfXPe,64,Male,4,DJObXM,Clothing,928.1442106236359,2
TR-849,2026-04-28,5696,ajKLLbIw,26,Female,8,dkibCE,Books,894.2804862646564,5
TR-850,2026-04-29,7095,BbDgjGsU,36,Male,2,huImuq,Clothing,937.0114481112952,5
TR-851,2026-04-30,1061,VEUFQEEj,50,Male,3,aoTYhG,Clothing,477.1240988104928,1
TR-852,2026-05-01,8234,ZjKzspLc,18,Male,2,lCWEIY,Clothing,145.39328307780184,1
TR-853,2026-05-02,8654,oJDXkWbt,56,Female,8,aZUCnk,Electronics,830.1034039086998,2
TR-854,2026-05-03,3716,FHyyMOgC,55,Male,8,IhGTJj,Electronics,665.3754548007805,5
TR-855,2026-05-04,2470,gpcHkRMT,31,Female,7,hJLtxV,Electronics,74.1284380555993,5
TR-856,2026-05-05,8786,frCFmaCi,60,Male,10,JiGVRO,Books,766.3678654215495,2
TR-857,2026-05-06,2728,RUbkHdRo,22,Male,10,CioXZx,Clothing,819.5100524780736,5
TR-858,2026-05-07,1349,ZhIsDEYv,41,Male,4,KtpgXV,Books,373.1092799570957,2
TR-859,2026-05-08,3904,MfjURZdw,21,Male,10,AkssKi,Electronics,740.9215770194019,1
TR-860,2026-05-09,6062,rCFfcBWo,39,Female,3,epvWJF,Clothing,552.0731814252732,3
TR-861,2026-05-10,1750,GTlqWgFI,31,Female,2,YiXrnY,Books,236.04968335076353,3
TR-862,2026-05-11,5785,vyapJsQN,21,Male,3,pYTURQ,Electronics,719.248307204214,3
TR-863,2026-05-12,7320,QLarkSbf,60,Male,7,ciZgzE,Books,561.4090798694125,3
TR-864,2026-05-13,8879,xaiZrIek,70,Male,10,nBPSmB,Electronics,765.3564727302772,3
TR-865,2026-05-14,4429,zXDWCepf,26,Male,10,wfRjED,Electronics,368.0876947622827,2
TR-866,2026-05-15,8275,UnxvgCdT,63,Female,5,WpVwHQ,Books,102.57464875053292,4
TR-867,2026-05-16,6957,PNMjpvEh,32,Female,3,lVuIkk,Clothing,477.9276965247596,4
TR-868,2026-05-17,9870,PsnfovMh,61,Female,8,tABcib,Electronics,559.9002652184247,1
TR-869,2026-05-18,3869,kOAhjTEO,41,Female,3,JjggQa,Books,714.0344876199903,3
TR-870,2026-05-19,1857,lcRzUBWx,66,Female,7,dMvCRO,Electronics,39.15127556978686,2
TR-871,2026-05-20,7500,EZhnpvoZ,57,Male,9,iIPQEd,Books,240.70909003559586,4
TR-872,2026-05-21,6450,xEPCNCwB,58,Female,1,GZGkvD,Books,836.1872940633322,3
TR-873,2026-05-22,3491,BSVGOCyJ,28,Female,2,kFgZlc,Books,683.7239189488776,3
TR-874,2026-05-23,3355,ByfzhZDE,37,Female,7,gDvFRD,Electronics,105.4404306708645,1
TR-875,2026-05-24,2911,jFINSMkT,45,Female,9,XSXGvT,Books,318.9533786285487,4
TR-876,2026-05-25,6541,EkwFIBQv,44,Male,5,FGpQsu,Books,607.9506630742477,3
TR-877,2026-05-26,7245,CTFnIQVg,53,Female,7,goOPIz,Clothing,114.59045046488882,3
TR-878,2026-05-27,4472,XaUjVsil,50,Female,1,lOwbPC,Books,663.0393873405053,4
TR-879,2026-05-28,3595,xwPSMVYh,44,Male,10,wAXozf,Books,182.01266969171547,2
TR-880,2026-05-29,4887,GMrDiKEE,25,Female,2,WfgyKo,Books,194.7997220602559,4
TR-881,2026-05-30,9886,COpxJKee,41,Female,5,KHalmN,Electronics,84.85968817324375,5
TR-882,2026-05-31,4974,FCaByOzB,50,Female,9,zwJCBL,Clothing,166.64976473920245,2
TR-883,2026-06-01,2077,uHtzMHdu,19,Female,3,SWyRoa,Clothing,907.5306372419959,2
TR-884,2026-06-02,9550,YoEBSaOv,31,Male,8,ZqcFuM,Clothing,145.75796530783273,2
TR-885,2026-06-03,6708,srXxIPHJ,39,Male,1,wYiFht,Books,759.6358784612429,1
TR-886,2026-06-04,6628,sYBajtsR,55,Female,1,hlxJli,Clothing,491.0585877054079,5
TR-887,2026-06-05,3258,oAFQJTKG,70,Male,5,fUHrAB,Books,826.1672405405337,1
TR-888,2026-06-06,1512,TWHgItWN,40,Female,6,EWKQTh,Books,279.7220285811643,1
TR-889,2026-06-07,2900,QtFYoZYJ,43,Male,8,RzlsTU,Books,429.8655473289653,1
TR-890,2026-06-08,8899,ZryoFeSm,65,Male,2,maqAPW,Clothing,155.70179446455435,4
TR-891,2026-06-09,9761,CPPYzksi,26,Female,9,RXJtAL,Clothing,952.9392408029016,1
TR-892,2026-06-10,4091,jCljYijl,22,Female,3,zXgcqU,Clothing,411.7954090821195,1
TR-893,2026-06-11,8836,zrvplOxM,31,Male,4,exxJKr,Books,333.12382914629023,1
TR-894,2026-06-12,4999,nBVYXJjK,64,Female,1,zvGKxZ,Books,121.09173987522298,1
TR-895,2026-06-13,9419,XZyevnuw,60,Male,5,QhQIli,Electronics,457.7102459686466,2
TR-896,2026-06-14,4471,fskTRGSR,61,Female,10,WyaEaP,Electronics,200.9020041458746,4
TR-897,2026-06-15,3213,fyzuTICQ,65,Female,4,mDnbIy,Electronics,759.3650979177453,5
TR-898,2026-06-16,3629,qsNYKCty,25,Female,10,SgkuVE,Electronics,664.657110273478,1
TR-899,2026-06-17,6806,jGwYmvLh,46,Female,10,OTACSu,Books,879.5993592495274,3
TR-900,2026-06-18,4879,wiAhbOeg,59,Female,4,haUGtN,Electronics,743.9185583510631,3
TR-901,2026-06-19,6110,NZEmKayk,65,Female,10,lwKFdT,Books,40.25519298302764,3
TR-902,2026-06-20,6312,nrIzTkQC,24,Male,4,viUAmL,Books,53.81514748627863,2
TR-903,2026-06-21,3290,OCtEgNFd,70,Female,4,IZfuix,Electronics,531.331493253329,3
TR-904,2026-06-22,6445,TMauESjw,36,Male,9,QbYWkJ,Clothing,245.52051681004133,1
TR-905,2026-06-23,2579,sKChMdGb,26,Male,1,bZjHJC,Books,203.6062482744746,5
TR-906,2026-06-24,3943,YqUmjLRn,51,Female,7,EvUrto,Clothing,968.844059745784,5
TR-907,2026-06-25,1036,xrBZUiOF,69,Male,6,GxvgEX,Books,676.4156896882033,1
TR-908,2026-06-26,5060,GMGVQkjW,33,Female,7,WMKBBi,Clothing,904.3231121479603,4
TR-909,2026-06-27,5382,LvNuRdDz,47,Female,1,hZiaYo,Books,431.2281935720562,3
TR-910,2026-06-28,9904,zMpiOdwz,47,Female,7,vAhjvs,Clothing,115.7839833080045,1
TR-911,2026-06-29,9306,LvhCaLdS,70,Female,5,HgeiXf,Electronics,132.15431282706487,2
TR-912,2026-06-30,3327,YMmZRSnu,21,Male,6,hFldKl,Books,115.26568303742746,5
TR-913,2026-07-01,8441,eMFmOADQ,54,Female,5,JNXrHi,Books,996.4548326098026,1
TR-914,2026-07-02,2579,yvHelgwK,52,Male,1,DMbUUc,Books,343.67198175791725,3
TR-915,2026-07-03,8849,vZRqGlla,56,Male,3,AeTrNz,Books,279.5664629171298,1
TR-916,2026-07-04,4001,hwuuwkwy,55,Female,6,oLMBhT,Clothing,430.74575840842203,4
TR-917,2026-07-05,5368,FwQfSllL,39,Male,9,EFKaRN,Books,339.2086535532868,3
TR-918,2026-07-06,1209,IJTUohhy,19,Female,1,sIOibd,Electronics,898.5655458709496,2
TR-919,2026-07-07,4466,EJhkqKnC,62,Male,4,DvnmQa,Clothing,854.0674507604538,3
TR-920,2026-07-08,2047,PAoZvXJo,62,Female,5,ccfupg,Electronics,248.2779122213262,4
TR-921,2026-07-09,3294,NldXkfrl,37,Female,10,ezLCPO,Books,342.121765692533,5
TR-922,2026-07-10,4220,CjMunktK,46,Female,1,wLGgSq,Clothing,434.3099149708012,1
TR-923,2026-07-11,1371,bBjCbONJ,61,Male,3,eGIlrJ,Books,576.1800273328945,1
TR-924,2026-07-12,4538,ivqSqQzC,27,Male,6,QDLIOr,Electronics,268.80890242103504,2
TR-925,2026-07-13,4356,DKMwJzvz,48,Male,10,lKIfak,Books,717.3305086632517,1
TR-926,2026-07-14,9625,jVJXonog,24,Female,4,iaALwh,Clothing,694.424282829417,4
TR-927,2026-07-15,1936,LnWKfYUc,20,Female,9,otmDdz,Clothing,809.792290323194,3
TR-928,2026-07-16,1824,cpcHyIvM,65,Female,10,ELpssR,Electronics,725.9034604561059,5
TR-929,2026-07-17,8287,AdGcTCkW,22,Female,7,qKyvGT,Clothing,585.1792696140168,1
TR-930,2026-07-18,6549,xwYAfgEe,22,Male,2,gqgnwn,Books,609.5138934119109,1
TR-931,2026-07-19,9560,gteJqKsv,51,Male,3,zDewGD,Clothing,200.42244513021507,1
TR-932,2026-07-20,4998,VZAbMBIA,51,Female,3,uRroqb,Books,742.7437537086566,1
TR-933,2026-07-21,4414,jwrEwWJB,60,Female,4,nUrgdV,Clothing,136.44513054270476,2
TR-934,2026-07-22,7920,ZMjkDMhg,48,Female,10,dVjCgk,Electronics,335.1977904006776,4
TR-935,2026-07-23,5374,mXKRawJI,22,Male,1,cujtjw,Clothing,314.43302267132333,5
TR-936,2026-07-24,9563,ELEuCpET,20,Male,3,kgEklW,Clothing,581.6152568573999,5
TR-937,2026-07-25,9095,IlieuSuc,26,Male,6,XLiiTI,Clothing,519.9025059358303,2
TR-938,2026-07-26,8645,LgcHobmy,20,Female,9,dQwtrb,Electronics,31.407000338032567,1
TR-939,2026-07-27,1865,gOICIZuN,29,Male,2,syNxVl,Electronics,561.0630918894454,2
TR-940,2026-07-28,8613,FkGETWQR,66,Female,6,SXLcDI,Books,43.82730184239131,3
TR-941,2026-07-29,3738,hxrIFeCU,62,Male,2,hRrqkq,Clothing,677.0700249741315,2
TR-942,2026-07-30,4366,MHzSjJYR,42,Male,2,QhuNkE,Clothing,307.5236104382265,1
TR-943,2026-07-31,9850,ddceXYNO,41,Female,5,brUOmO,Electronics,200.02022501382217,4
TR-944,2026-08-01,6348,WStUTPlU,54,Male,1,uZsfwR,Books,465.9506978417763,3
TR-945,2026-08-02,1102,dMMaISVZ,54,Female,9,acUYeH,Books,276.6830978041243,1
TR-946,2026-08-03,9398,RSBFbnWJ,50,Female,9,AwWDid,Clothing,352.15474569004675,4
TR-947,2026-08-04,4326,OJmmiavc,59,Male,10,BLgvmS,Clothing,53.32951735800615,5
TR-948,2026-08-05,7421,iJsYGuyp,37,Female,1,XjYFPA,Electronics,556.873792884495,3
TR-949,2026-08-06,9525,gRNegkDl,58,Female,6,zoUACz,Electronics,24.517995493761504,1
TR-950,2026-08-07,2310,MtoHqhQW,18,Female,4,nnrVMP,Books,433.04025219152857,2
TR-951,2026-08-08,7735,pcCDRFFb,40,Male,2,SFAClO,Electronics,980.1523267375142,5
TR-952,2026-08-09,3545,vKAitTZl,52,Male,1,iJnxcF,Books,802.8772115668694,2
TR-953,2026-08-10,9237,DzEHWqgM,33,Male,7,oGHgxn,Electronics,548.7965786524104,3
TR-954,2026-08-11,7907,GNxearGi,62,Female,2,tPBngW,Electronics,63.6402668547082,4
TR-955,2026-08-12,1915,vFALnLhz,37,Female,1,wjXHnO,Electronics,622.273433354447,2
TR-956,2026-08-13,3104,SLPsHDZv,46,Female,7,RtYGHF,Electronics,15.940997327072282,3
TR-957,2026-08-14,2154,LkqCqQjZ,23,Female,7,IfhcTi,Books,88.4664897333251,2
TR-958,2026-08-15,6292,zAOftWMD,49,Male,1,avKuBv,Electronics,436.65337984968176,3
TR-959,2026-08-16,7907,SjtrSFIh,55,Female,3,SNranS,Electronics,870.3459618294522,4
TR-960,2026-08-17,1427,NYYKbdRt,20,Female,7,FLFwOv,Books,574.0025634014396,2
TR-961,2026-08-18,4699,uWwSpBiZ,68,Female,5,UMrkVj,Books,293.7234609043317,5
TR-962,2026-08-19,3628,JNjSyQBJ,27,Male,8,TZLIWy,Books,822.40183529881,5
TR-963,2026-08-20,3889,DiSrOIsj,60,Male,1,rKgYrL,Clothing,800.1413617368651,3
TR-964,2026-08-21,8717,hJuZbemw,33,Female,6,qrvSXQ,Electronics,930.3245505454951,5
TR-965,2026-08-22,9392,BxFpGCoC,31,Female,5,DRjmmL,Electronics,834.2495586090115,5
TR-966,2026-08-23,1267,HDMctVAC,58,Female,2,bDunoO,Clothing,654.9511829844524,1
TR-967,2026-08-24,7193,EqPavsXC,67,Female,6,VnMHDn,Electronics,136.8416642976043,3
TR-968,2026-08-25,6261,BUxHhzRn,23,Female,7,SIEuEM,Electronics,447.94251144056216,5
TR-969,2026-08-26,2159,gkgxONmC,43,Male,8,mcfNEE,Books,438.20697236261634,2
TR-970,2026-08-27,8280,EBRXcdpa,24,Female,5,YOSPLL,Clothing,813.7795566783334,5
TR-971,2026-08-28,3069,sMFkDWic,22,Male,6,xhKWVj,Electronics,792.6524326211546,3
TR-972,2026-08-29,5822,RruczvlJ,24,Male,5,huLwUj,Clothing,864.8051561871848,5
TR-973,2026-08-30,4250,yuOJYZwG,21,Male,6,KAgTUQ,Clothing,788.227840988879,4
TR-974,2026-08-31,6967,Npmobmwj,46,Female,10,ZxRfjz,Books,326.24133373251306,4
TR-975,2026-09-01,9687,QYljMiUc,27,Male,3,ZJGmzs,Books,384.47969963502595,1
TR-976,2026-09-02,2432,VGDVJNfl,20,Female,4,fBjjfd,Electronics,883.628759618831,2
TR-977,2026-09-03,9744,YjHEiWbG,24,Male,1,XkVGQz,Clothing,682.34830086195,2
TR-978,2026-09-04,3381,LgsHIlDh,24,Female,9,GRJTkY,Clothing,434.73474646846245,5
TR-979,2026-09-05,8170,gcqCgjjx,18,Male,8,zVJQGl,Clothing,637.5312376378218,5
TR-980,2026-09-06,7184,lPBoTokt,50,Male,5,UpMoHi,Clothing,973.1880422453274,5
TR-981,2026-09-07,9955,WSvfrlGM,53,Male,6,pMIlEp,Electronics,683.3257433269712,3
TR-982,2026-09-08,5686,xAahgtgr,41,Male,1,BLJQDb,Electronics,66.08687428319848,2
TR-983,2026-09-09,1284,zLZBIOFd,28,Male,1,aVqFSN,Books,918.2040923866177,5
TR-984,2026-09-10,2503,KlVnpILI,55,Male,5,AGReoE,Clothing,494.0121032089169,1
TR-985,2026-09-11,2153,WhlySsKl,42,Male,7,WGWljD,Books,130.259368610075,2
TR-986,2026-09-12,5311,pMkVJFzv,36,Male,7,hgZWdG,Books,678.8179544879757,3
TR-987,2026-09-13,6277,lYCFsqgW,45,Male,2,vzlAjk,Electronics,364.9725947791618,2
TR-988,2026-09-14,4137,LQHRlwvW,18,Male,3,SbDyBY,Books,437.4339509168391,5
TR-989,2026-09-15,5007,YxqOpYAM,32,Female,4,AJtaAu,Electronics,329.5042647742615,4
TR-990,2026-09-16,1010,TUeFClZw,23,Female,9,yoixKJ,Clothing,273.56299671738367,1
TR-991,2026-09-17,5331,VpsNpsuK,65,Male,3,PUGIKw,Clothing,58.41165826352218,4
TR-992,2026-09-18,5973,lCrPftvW,70,Female,4,aQCBhA,Electronics,478.56498988339337,5
TR-993,2026-09-19,3869,sTjSNbdU,54,Male,1,tdxxYL,Clothing,377.7711582025069,4
TR-994,2026-09-20,5300,nwWGLmGc,44,Female,6,SLdVuM,Clothing,673.0052337143959,2
TR-995,2026-09-21,8332,IiJXfCOl,21,Male,3,aJPTFK,Books,653.5269015794493,1
TR-996,2026-09-22,9346,MAICFeTW,51,Male,3,LwJQGs,Books,857.6426851303048,1
TR-997,2026-09-23,5748,RLdKFGoP,56,Male,8,FlycyK,Books,251.482689885952,5
TR-998,2026-09-24,5913,jLvIzTsz,43,Female,9,qdndoF,Books,412.8977080953794,5
TR-999,2026-09-25,3353,LOBYxcmb,23,Female,3,QbAFzB,Electronics,821.7232090763897,2
TR-1000,2026-09-26,6732,DUZziGAI,18,Male,7,GwbtDB,Electronics,490.86504700633134,1
